gene,module,loading_abs,loading_signed
HLA-DRB5,M07,0.008777369637674927,0.008777369637674927
RPS4Y1,M08,0.03192330813044275,0.03192330813044275
HLA-DRB1,M07,0.012156608152665898,0.012156608152665898
RNA28S5,M05,0.03524443638951331,0.03524443638951331
DEFA1B,M08,0.020883064464402547,0.020883064464402547
DEFA3,M08,0.02102942924338695,0.02102942924338695
DEFA1,M08,0.020552765525461193,0.020552765525461193
RAP1GAP,M05,0.021587265114821674,0.021587265114821674
HBG1,M04,0.02248523897947021,0.02248523897947021
HBG2,M04,0.02115971330032633,0.02115971330032633
FOLR3,M02,0.006569599002434703,0.006569599002434703
IFI27,M06,0.026729210645500025,0.026729210645500025
KRT1,M05,0.03132557784127443,0.03132557784127443
RPL26,M07,0.024762724091058987,0.024762724091058987
COX7C,M04,0.023610002352221774,0.023610002352221774
MYOM2,M06,0.012741651902879349,-0.012741651902879349
CA1,M04,0.03551620225225282,0.03551620225225282
RPL31,M04,0.023337977037626304,0.023337977037626304
RPL17,M01,0.024017038962216797,0.024017038962216797
RPS26,M08,0.009784402139822235,-0.009784402139822235
RPS3A,M01,0.02378750870394733,0.02378750870394733
TOMM7,M01,0.02241546482497952,0.02241546482497952
SLC4A1,M05,0.0425322570089301,0.0425322570089301
FAM46C,M05,0.038749506971335605,0.038749506971335605
AHSP,M04,0.035384488877366234,0.035384488877366234
IFITM3,M06,0.030626952530128235,0.030626952530128235
RPS17,M01,0.023052308275854725,0.023052308275854725
CLC,M06,0.015630383255188486,0.015630383255188486
DEFA4,M07,0.0225711886576865,-0.0225711886576865
HINT1,M01,0.02341646477918168,0.02341646477918168
SELENBP1,M04,0.03438515170710827,0.03438515170710827
LCN2,M07,0.022217474635824627,-0.022217474635824627
HBZ,M04,0.011680665474929844,0.011680665474929844
RPL39,M01,0.021776614979262858,0.021776614979262858
S100A8,M04,0.021111198422587907,0.021111198422587907
SNRPG,M01,0.022700360802257447,0.022700360802257447
KLRB1,M01,0.02253148189377975,0.02253148189377975
SERPINA13P,M04,0.03125542777093895,0.03125542777093895
PI3,M08,0.015485868363156975,0.015485868363156975
NDUFB3,M07,0.02735578729381297,0.02735578729381297
HLA-A,M04,0.006172197075019456,-0.006172197075019456
TMA7,M07,0.030335709375630723,0.030335709375630723
NDUFA1,M07,0.03466775877472648,0.03466775877472648
ANXA1,M01,0.023612671352515217,0.023612671352515217
NDUFA4,M01,0.02382002905290535,0.02382002905290535
HBD,M04,0.0357076510848438,0.0357076510848438
RPL21,M04,0.029506328504073486,0.029506328504073486
GZMH,M08,0.07750156522305096,0.07750156522305096
HBE1,M04,0.021444814990474653,0.021444814990474653
S100A12,M04,0.022824024718957624,0.022824024718957624
TRIM58,M05,0.04829712018148003,0.04829712018148003
EPB42,M05,0.03630821491924844,0.03630821491924844
SNCA,M05,0.04543946938232371,0.04543946938232371
VWCE,M04,0.025910918711915844,0.025910918711915844
S100P,M03,0.02271711420852845,-0.02271711420852845
MX1,M06,0.03369490471861946,0.03369490471861946
TMEM158,M05,0.030116941289228226,0.030116941289228226
RPS27,M01,0.02320771955561335,0.02320771955561335
RPS27L,M01,0.022790843794971184,0.022790843794971184
OSBP2,M05,0.03714020696398562,0.03714020696398562
MMP9,M02,0.01969589884900528,0.01969589884900528
CAMP,M07,0.01946067565186993,-0.01946067565186993
PFDN5,M04,0.0328952372897523,0.0328952372897523
CD52,M04,0.01848831518035079,0.01848831518035079
GZMA,M08,0.044095312511603015,0.044095312511603015
IFIT1B,M05,0.0369483500000531,0.0369483500000531
TNS1,M05,0.0348155155775972,0.0348155155775972
EPSTI1,M06,0.04526499101893445,0.04526499101893445
GMPR,M04,0.03476674646554145,0.03476674646554145
FAM210B,M05,0.037021186337878785,0.037021186337878785
HBM,M04,0.030464974810946236,0.030464974810946236
FCER1A,M07,0.022524570364138585,0.022524570364138585
CFD,M07,0.014484673308239509,-0.014484673308239509
RPS28,M03,0.042526635026445846,0.042526635026445846
HERC5,M06,0.0361819057245436,0.0361819057245436
DMTN,M05,0.03392795543060693,0.03392795543060693
LSM3,M07,0.037770432883867625,0.037770432883867625
RPL23,M04,0.02192551105979642,0.02192551105979642
NDUFS5,M07,0.034738547939330906,0.034738547939330906
IKZF1,M03,0.008454824527794851,0.008454824527794851
UQCRQ,M01,0.02216970473715241,0.02216970473715241
PDZK1IP1,M04,0.03062814849365001,0.03062814849365001
GYPB,M05,0.036406859595742476,0.036406859595742476
HLA-DRB6,M03,0.016118460987524907,0.016118460987524907
TXN,M04,0.026369842022618502,0.026369842022618502
E2F2,M05,0.03534516954839186,0.03534516954839186
UQCRBP1,M07,0.038204807576721525,0.038204807576721525
DCAF12,M05,0.045049745544224924,0.045049745544224924
LY96,M01,0.020561332292102625,0.020561332292102625
HSPA1A,M03,0.028010992166573982,0.028010992166573982
RBM38,M05,0.03676148750856693,0.03676148750856693
DPYSL5,M04,0.03180504996140724,0.03180504996140724
RSL24D1,M01,0.024967120734131532,0.024967120734131532
IFI44,M06,0.035206969049694725,0.035206969049694725
ORM1,M03,0.017705168012562823,-0.017705168012562823
STRADB,M05,0.038895688225370054,0.038895688225370054
SLC6A8,M04,0.03323787930135106,0.03323787930135106
IFIT2,M06,0.026823399572253895,0.026823399572253895
KIAA1324,M07,0.012778659696421295,0.012778659696421295
PITHD1,M05,0.04019603953778641,0.04019603953778641
COX7A2,M01,0.022199387372422004,0.022199387372422004
CLEC12A,M06,0.015687649224645443,0.015687649224645443
EIF3E,M01,0.023448231048622082,0.023448231048622082
HBQ1,M04,0.02850110520585261,0.02850110520585261
ALAS2,M04,0.03359439668695896,0.03359439668695896
RNASE2,M06,0.033868171256278154,0.033868171256278154
ZNF683,M08,0.04862782421297649,0.04862782421297649
TMCO1,M01,0.02485727053331376,0.02485727053331376
DPM2,M04,0.034497233485491184,0.034497233485491184
RPS15A,M07,0.026757152178165537,-0.026757152178165537
FGFBP2,M08,0.06669477312284763,0.06669477312284763
CHURC1,M01,0.012491977442883608,0.012491977442883608
CMTM2,M07,0.03241098447176067,0.03241098447176067
SPRYD3,M04,0.030430690634152706,0.030430690634152706
IFIT3,M06,0.04155837031086321,0.04155837031086321
BCL2L1,M05,0.04379238032601358,0.04379238032601358
UBXN6,M04,0.03591816475253033,0.03591816475253033
LYZ,M06,0.02512103266866713,0.02512103266866713
TSPAN5,M04,0.03634386566157309,0.03634386566157309
GZMB,M08,0.06236311947367073,0.06236311947367073
KRT72,M06,0.013472477517076939,-0.013472477517076939
SMIM24,M04,0.029309726980144297,0.029309726980144297
NRGN,M04,0.021640587502388182,0.021640587502388182
TMOD1,M05,0.039767412183828066,0.039767412183828066
ATP6V1G1,M01,0.0257271770794978,0.0257271770794978
LY6E,M06,0.04207234026075341,0.04207234026075341
RNF10,M05,0.03136010287691682,0.03136010287691682
ATP5O,M01,0.022024689226417905,0.022024689226417905
SLIRP,M07,0.028773822011274954,0.028773822011274954
SARNP,M07,0.03672637276136746,0.03672637276136746
PGLYRP1,M02,0.019029146323545423,0.019029146323545423
RPS24,M07,0.025940387437383323,0.025940387437383323
GZMK,M08,0.02145905066887819,0.02145905066887819
RGS18,M01,0.020533332774001344,0.020533332774001344
ALPL,M06,0.020395800177423255,-0.020395800177423255
RPS23,M02,0.012809438365541099,-0.012809438365541099
LILRA3,M02,0.008826006784011837,0.008826006784011837
RSAD2,M06,0.0394197295213916,0.0394197295213916
IGF2BP2,M05,0.03834282245683082,0.03834282245683082
ITGA2B,M04,0.01962412208826802,0.01962412208826802
RWDD1,M01,0.023363396354761246,0.023363396354761246
TESC,M04,0.030999661734851854,0.030999661734851854
IL18RAP,M08,0.022565767651818867,0.022565767651818867
GMFG,M07,0.024686950747065114,0.024686950747065114
GLRX5,M05,0.03902264483368352,0.03902264483368352
DNAJA1,M01,0.022515885695598516,0.022515885695598516
YOD1,M05,0.03213009668777408,0.03213009668777408
ARGLU1,M01,0.026185632236236822,0.026185632236236822
RPL27,M01,0.020271612969510307,0.020271612969510307
OR2W3,M05,0.03470091199363883,0.03470091199363883
ENY2,M07,0.030644539368690046,0.030644539368690046
HLA-DQB1,M08,0.020719332854372455,-0.020719332854372455
UQCRHL,M04,0.021370459644138102,0.021370459644138102
BSG,M05,0.031194319776333565,0.031194319776333565
SVBP,M04,0.021088998052189986,0.021088998052189986
CSNK1G2,M03,0.03209597669985392,0.03209597669985392
PSMA6,M01,0.024679340305483147,0.024679340305483147
HAGH,M04,0.03355432515067754,0.03355432515067754
AP1S2,M01,0.025052518753458732,0.025052518753458732
CAPZA2,M01,0.02291474288913355,0.02291474288913355
GATSL3,M04,0.02804691516650576,0.02804691516650576
CARM1,M05,0.028462830090718778,0.028462830090718778
VCAN,M07,0.030826360551310227,-0.030826360551310227
HDC,M07,0.01298434422274964,0.01298434422274964
RUNDC3A,M04,0.02649414139681535,0.02649414139681535
SESN3,M04,0.03597045691080348,0.03597045691080348
TMEM86B,M04,0.031094801281115067,0.031094801281115067
ACSL1,M02,0.03351819627404628,0.03351819627404628
FAM104A,M05,0.040500958453481894,0.040500958453481894
WASH7P,M04,0.023914816474236926,0.023914816474236926
RPL5,M03,0.02521691234095622,0.02521691234095622
GP9,M04,0.01984044591054144,0.01984044591054144
GRINA,M04,0.029471889047374206,0.029471889047374206
ISG15,M06,0.041546883985597076,0.041546883985597076
KLRG1,M08,0.047904582453383394,0.047904582453383394
PROK2,M03,0.02541585524679692,-0.02541585524679692
CDC34,M04,0.03472485508003521,0.03472485508003521
NDUFB2,M01,0.020874820237105674,0.020874820237105674
CCR7,M08,0.04258320774601873,-0.04258320774601873
TEX30,M04,0.033264171466420966,0.033264171466420966
RPS18,M07,0.022536573166892896,-0.022536573166892896
NFIX,M05,0.033568101078946005,0.033568101078946005
PSMA4,M07,0.023141566467933312,0.023141566467933312
ELANE,M07,0.021178106024860657,-0.021178106024860657
RBX1,M04,0.031224087793267165,0.031224087793267165
PRF1,M08,0.06408337941568433,0.06408337941568433
TMEM123,M07,0.02381932376105094,-0.02381932376105094
CD8A,M08,0.0557903790839908,0.0557903790839908
NOL10,M04,0.032984241891318426,0.032984241891318426
KDM5D,M08,0.03530038526191823,0.03530038526191823
MCOLN1,M04,0.028794999258121335,0.028794999258121335
DYSF,M02,0.020585821993960925,0.020585821993960925
RAB3IL1,M05,0.03148976052182899,0.03148976052182899
IFI44L,M06,0.03902133960818664,0.03902133960818664
MPP1,M05,0.037168647018102415,0.037168647018102415
PGGHG,M06,0.03042540102589249,-0.03042540102589249
ATP5J,M07,0.029326237723974764,0.029326237723974764
ASCC2,M05,0.03195422406868644,0.03195422406868644
AIF1,M04,0.026324415586031696,0.026324415586031696
SIAH2,M05,0.03833750632034321,0.03833750632034321
NDUFS4,M07,0.027663042634072835,0.027663042634072835
RPS25,M07,0.023241514959322387,0.023241514959322387
ZMAT2,M04,0.03450876091201433,0.03450876091201433
XK,M05,0.03990954307122869,0.03990954307122869
RAB2B,M05,0.04682245001396747,0.04682245001396747
ADIPOR1,M05,0.04392454799590189,0.04392454799590189
XIST,M08,0.026189842597719053,-0.026189842597719053
RPL35,M01,0.02168382563445303,0.02168382563445303
SRP14,M07,0.020565222248174794,0.020565222248174794
TBCA,M07,0.03222812281261597,0.03222812281261597
RPL36AL,M07,0.03507152471261302,0.03507152471261302
TPT1,M01,0.02257596433707139,0.02257596433707139
ATP5EP2,M04,0.030607829607536392,0.030607829607536392
CHST13,M01,0.009947931560989156,-0.009947931560989156
CRISPLD2,M02,0.019159037635956864,0.019159037635956864
TAX1BP1,M01,0.02390424120947042,0.02390424120947042
RPS26P11,M03,0.011254077605593703,0.011254077605593703
PJA2,M01,0.02054529730352738,0.02054529730352738
GBP5,M06,0.03425897485755706,0.03425897485755706
NAMPT,M02,0.028869501303619805,0.028869501303619805
RAB8B,M01,0.021041036837980486,0.021041036837980486
RNASE3,M06,0.017370866301332003,0.017370866301332003
GNG11,M04,0.027036800728224588,0.027036800728224588
EEF1G,M02,0.012567069021112482,-0.012567069021112482
SNHG5,M04,0.01726445889372067,0.01726445889372067
AMY1C,M03,0.030341786660116978,0.030341786660116978
LOC401357,M06,0.019121086768653383,-0.019121086768653383
COMMD6,M01,0.02254986358117419,0.02254986358117419
PYGL,M02,0.03305410797502686,0.03305410797502686
CXCR2,M07,0.029139068640891618,0.029139068640891618
ARL6IP5,M01,0.023530773830386726,0.023530773830386726
CD48,M07,0.02828280179845768,-0.02828280179845768
PTGDS,M08,0.03653248056790685,0.03653248056790685
GUK1,M04,0.031066237152042774,0.031066237152042774
CXCR1,M01,0.01927996612268805,-0.01927996612268805
RPL24,M01,0.021501225516292518,0.021501225516292518
NCF1,M07,0.037088065741148354,0.037088065741148354
RPL9,M07,0.024441937049171022,-0.024441937049171022
RPL11,M04,0.027825280478506326,0.027825280478506326
TXNDC17,M01,0.02291463932067292,0.02291463932067292
GNLY,M08,0.06755576129576082,0.06755576129576082
LDHB,M03,0.028536486555508438,0.028536486555508438
BLVRB,M04,0.031216538218469793,0.031216538218469793
ANPEP,M01,0.020260983982391154,-0.020260983982391154
FCGR3B,M02,0.02704293020400797,0.02704293020400797
ACTR3,M03,0.025762144007861396,0.025762144007861396
ADM,M02,0.019475827845026723,0.019475827845026723
HLA-DRB3,M06,0.034499976153343104,0.034499976153343104
ARPC5,M02,0.027165385325566848,0.027165385325566848
SS18L2,M01,0.02312261482950832,0.02312261482950832
SLC25A37,M05,0.024399171276055964,0.024399171276055964
PADI4,M02,0.022697803424688526,0.022697803424688526
HPS1,M04,0.03224081113353236,0.03224081113353236
EIF2AK2,M07,0.031210944122792152,-0.031210944122792152
NINJ2,M05,0.021953008835231113,0.021953008835231113
PIP4K2A,M05,0.04144903090894628,0.04144903090894628
CA4,M03,0.023981972569885573,-0.023981972569885573
YBX1,M05,0.03182721091607852,0.03182721091607852
NKG7,M08,0.06607234912565854,0.06607234912565854
HLA-H,M08,0.013264654183118637,0.013264654183118637
RGS2,M02,0.025664956106059806,0.025664956106059806
MARCH7,M01,0.02371020338212084,0.02371020338212084
ABCA1,M07,0.02396441251095325,-0.02396441251095325
RPS20,M03,0.02137103522113712,0.02137103522113712
DBI,M07,0.028373021167904147,0.028373021167904147
IQGAP1,M02,0.028715187555151983,0.028715187555151983
FPR2,M02,0.02524062116274264,0.02524062116274264
FKBP5,M08,0.024564875365122307,0.024564875365122307
MCEMP1,M03,0.025386313210600888,-0.025386313210600888
MYL6,M04,0.0274595094782746,0.0274595094782746
SLC48A1,M04,0.028089514432252622,0.028089514432252622
TMX1,M07,0.027622074524148745,-0.027622074524148745
GUCD1,M05,0.036529977584613536,0.036529977584613536
CYP27A1,M06,0.01648371996504508,0.01648371996504508
FOS,M02,0.024137231271494156,0.024137231271494156
TNFSF10,M07,0.022927044171864707,-0.022927044171864707
NSA2,M01,0.023078561610234454,0.023078561610234454
GSTM1,M06,0.010718253157068366,0.010718253157068366
DUSP1,M03,0.021808987742895417,-0.021808987742895417
MT2A,M06,0.035316608880753886,0.035316608880753886
LAMTOR3,M01,0.02427715961393442,0.02427715961393442
C4BPA,M02,0.007555890219506576,0.007555890219506576
IFNGR1,M03,0.028949721432516503,-0.028949721432516503
DEK,M01,0.02539593435606312,0.02539593435606312
RPL30,M01,0.020846908131074236,0.020846908131074236
FFAR2,M03,0.022524876223603024,-0.022524876223603024
TRIM22,M07,0.03644475019048966,-0.03644475019048966
TMEM154,M02,0.030666877635180976,0.030666877635180976
IFIT1,M06,0.03682790228442657,0.03682790228442657
ATP5C1,M01,0.024354386600580015,0.024354386600580015
DPM1,M01,0.024124591907437723,0.024124591907437723
GBP1,M06,0.037675102444814014,0.037675102444814014
AOC4P,M03,0.03684767528590384,0.03684767528590384
CKLF,M03,0.025309032450092764,-0.025309032450092764
GDI2,M03,0.025200748656172674,0.025200748656172674
CDA,M02,0.021175629839482964,0.021175629839482964
VPREB3,M08,0.05179144430741597,-0.05179144430741597
TPGS2,M05,0.03735764590158583,0.03735764590158583
LTF,M05,0.018594266859289686,0.018594266859289686
MAP3K1,M07,0.031176359847681696,-0.031176359847681696
GLRX,M01,0.021506618765340376,0.021506618765340376
CD19,M08,0.044476617185189374,-0.044476617185189374
IRF2BPL,M02,0.019411164392602726,0.019411164392602726
PRKAR1A,M02,0.019218146957313942,0.019218146957313942
TUBB1,M05,0.02785815304921601,0.02785815304921601
CNPPD1,M04,0.02815471390744358,0.02815471390744358
UBE2O,M05,0.038060245648757894,0.038060245648757894
RIOK3,M05,0.05218785805437638,0.05218785805437638
RPS27A,M01,0.019512817304441682,0.019512817304441682
ELOVL5,M02,0.024858428613654834,0.024858428613654834
EIF4A2,M01,0.024441371561185754,0.024441371561185754
PF4V1,M04,0.014240641353981008,0.014240641353981008
GCA,M02,0.02933392784824062,0.02933392784824062
YBX3,M05,0.04578909022243016,0.04578909022243016
TUBA4A,M03,0.030440787927641582,0.030440787927641582
PRSS33,M07,0.02019085764394579,0.02019085764394579
PLEK2,M04,0.034329116147248644,0.034329116147248644
SMOX,M04,0.02602268838719961,0.02602268838719961
GOLGA8B,M06,0.025345225381198298,-0.025345225381198298
RPL35A,M01,0.019602232882733044,0.019602232882733044
VPS29,M01,0.025739684122737166,0.025739684122737166
DMC1,M03,0.03977716524291299,0.03977716524291299
HACD4,M03,0.03344210126401259,0.03344210126401259
FOXO4,M05,0.029197591626971414,0.029197591626971414
IFI6,M06,0.03474413138766831,0.03474413138766831
MKRN1,M05,0.04366677793329608,0.04366677793329608
DENND6B,M04,0.03148249508090763,0.03148249508090763
NAPSB,M08,0.02951232709670532,-0.02951232709670532
S1PR5,M08,0.07458123713220349,0.07458123713220349
FCGR1B,M06,0.03863374723495309,0.03863374723495309
CEACAM8,M07,0.023278000002129512,-0.023278000002129512
MDH1,M01,0.024212877483259693,0.024212877483259693
FBXO7,M05,0.043823660783794224,0.043823660783794224
RNF24,M01,0.019583057739407644,-0.019583057739407644
COX16,M07,0.028814600588098118,0.028814600588098118
ACTN1,M01,0.02310729977129026,-0.02310729977129026
USP49,M03,0.03615894767385275,0.03615894767385275
SLC6A10P,M05,0.03434301008362314,0.03434301008362314
COMMD3,M01,0.024045757763559612,0.024045757763559612
HDGF,M04,0.033858428444545986,0.033858428444545986
ETS1,M03,0.029803271105089606,0.029803271105089606
LSM1,M01,0.022934934124340334,0.022934934124340334
HLA-G,M03,0.03296277759090584,0.03296277759090584
RTF1,M04,0.03306101047471509,0.03306101047471509
FIS1,M04,0.04000784295069893,0.04000784295069893
RPL4,M02,0.02070997258157953,-0.02070997258157953
ARPC3,M07,0.03214184818252695,0.03214184818252695
TMEM181,M08,0.028420329471779394,0.028420329471779394
IL7R,M06,0.03723228866153589,-0.03723228866153589
FCRLA,M08,0.043253882117878,-0.043253882117878
LRG1,M02,0.024747100166762705,0.024747100166762705
GSTM2,M07,0.007171456721247572,0.007171456721247572
REEP5,M01,0.025937814602639827,0.025937814602639827
IL17RD,M03,0.03818357793522173,0.03818357793522173
C9orf78,M05,0.03571240688595553,0.03571240688595553
NLRP8,M05,0.03582956545674922,-0.03582956545674922
UCP2,M02,0.015622983696387911,-0.015622983696387911
SEMA4A,M01,0.02106219218446813,-0.02106219218446813
SLC7A5,M05,0.03541661760355818,0.03541661760355818
ODC1,M05,0.03353769659060205,0.03353769659060205
EIF1AY,M08,0.025311671294780135,0.025311671294780135
PCNP,M01,0.024626790402172187,0.024626790402172187
MBNL1,M01,0.022913567491216206,0.022913567491216206
RPS10,M07,0.02153209729555095,-0.02153209729555095
LRP10,M02,0.026105969098462817,0.026105969098462817
SEP15,M01,0.022131463860972075,0.022131463860972075
B2M,M01,0.020276034078903254,0.020276034078903254
TGFBR3,M08,0.06893875233574454,0.06893875233574454
TIMM10,M06,0.021086399604047512,0.021086399604047512
SIGLEC10,M07,0.015317300597787983,0.015317300597787983
SDCBP,M02,0.030408054824356028,0.030408054824356028
MYL4,M04,0.03588882280134543,0.03588882280134543
NCF1C,M02,0.026393712711450374,0.026393712711450374
PPA1,M01,0.021516680107634675,0.021516680107634675
EIF1B,M05,0.03786729493372276,0.03786729493372276
PHOSPHO1,M04,0.02862366285206611,0.02862366285206611
LYL1,M05,0.028330387615815293,0.028330387615815293
BCL6,M02,0.023480529946093353,0.023480529946093353
MORF4L1,M03,0.02501507903893196,0.02501507903893196
LEF1,M08,0.045113535393751715,-0.045113535393751715
ACTA2,M05,0.015116923483580917,0.015116923483580917
NCF2,M02,0.030867754031766486,0.030867754031766486
CREG1,M07,0.027666753689048192,-0.027666753689048192
FKBP8,M04,0.03542637249329938,0.03542637249329938
DCP2,M01,0.02403892616899585,0.02403892616899585
VAMP8,M02,0.02263499344405858,-0.02263499344405858
TANGO2,M04,0.029045007210462357,0.029045007210462357
TMEM176A,M06,0.01576756790599926,0.01576756790599926
CST7,M08,0.0654156091224753,0.0654156091224753
AKR1C3,M08,0.03177288781425351,0.03177288781425351
ZNF281,M07,0.02760245645824491,-0.02760245645824491
ACRBP,M04,0.01945695765770338,0.01945695765770338
F13A1,M05,0.018412110887559677,0.018412110887559677
TCN1,M03,0.014789859671291662,-0.014789859671291662
OXR1,M01,0.02454975203255432,0.02454975203255432
TRAM1,M07,0.03010386344796774,-0.03010386344796774
NME4,M04,0.024619000922193473,0.024619000922193473
TFDP1,M05,0.04494292216559324,0.04494292216559324
CALM2,M01,0.02280655646797263,0.02280655646797263
YPEL5,M01,0.023192579584176504,0.023192579584176504
FGL2,M03,0.022467986574028743,-0.022467986574028743
SAMD9L,M07,0.038153185093046334,-0.038153185093046334
SRXN1,M05,0.020256352354872192,0.020256352354872192
CASP1,M06,0.023711890274415563,0.023711890274415563
ASNSD1,M01,0.023988967505043778,0.023988967505043778
PNPLA2,M04,0.023475436769609125,0.023475436769609125
CD79B,M08,0.04318709443923066,-0.04318709443923066
MAL,M08,0.04211278028972843,-0.04211278028972843
SLC35A1,M01,0.024983525293496567,0.024983525293496567
ST6GALNAC4,M04,0.033276217037812285,0.033276217037812285
EOMES,M08,0.06461668225808366,0.06461668225808366
GAPT,M01,0.018218091114256093,0.018218091114256093
MED25,M01,0.02079049781041741,-0.02079049781041741
FAXDC2,M05,0.030651490942924145,0.030651490942924145
COX17,M07,0.026005920704046514,0.026005920704046514
TXNDC12,M06,0.026345068021225528,-0.026345068021225528
LOC105376064,M04,0.03297863434721318,0.03297863434721318
ITPK1-AS1,M03,0.03018554104064384,0.03018554104064384
ERH,M04,0.023226489294061327,0.023226489294061327
PELI1,M03,0.026178650221103463,-0.026178650221103463
CTSW,M08,0.06012510529205815,0.06012510529205815
LILRA2,M02,0.03063625450577642,0.03063625450577642
MNDA,M03,0.025707480693823302,-0.025707480693823302
LEPROTL1,M01,0.023871814097282267,0.023871814097282267
SORL1,M01,0.021391548870051506,-0.021391548870051506
ACTRT1,M04,0.026609974647415106,0.026609974647415106
MBOAT7,M05,0.02635701458963293,-0.02635701458963293
PPT1,M02,0.021952338452019774,0.021952338452019774
SHFM1,M07,0.04449472539684253,0.04449472539684253
COX7B,M07,0.022948324307064918,0.022948324307064918
RPL15,M01,0.023895986360511948,0.023895986360511948
RNF123,M04,0.03034899842184544,0.03034899842184544
RPIA,M05,0.03754320460244647,0.03754320460244647
TXNIP,M03,0.03068335114490785,0.03068335114490785
TSPAN9,M01,0.015884343174691416,-0.015884343174691416
EIF2AK1,M05,0.03589636293246485,0.03589636293246485
CEBPZ,M01,0.02596503455705858,0.02596503455705858
HLA-C,M06,0.011416850689456354,0.011416850689456354
PIM1,M05,0.031120838683476607,0.031120838683476607
CAB39,M01,0.022559881792278445,0.022559881792278445
R3HDM4,M05,0.02692368296722054,0.02692368296722054
ERAP2,M04,0.009643748731978777,-0.009643748731978777
VBP1,M01,0.026304740363957562,0.026304740363957562
PCMT1,M01,0.026352874255370713,0.026352874255370713
HSP90AA1,M01,0.025591281467634244,0.025591281467634244
FCGR1A,M06,0.03739989281017339,0.03739989281017339
SEC11A,M01,0.022003962084065503,0.022003962084065503
CCBE1,M05,0.037042311897516694,-0.037042311897516694
CD55,M02,0.027678882441906267,0.027678882441906267
METAP2,M01,0.024250352783066646,0.024250352783066646
FCMR,M08,0.029941761954993453,-0.029941761954993453
SAMD9,M07,0.031147024391341434,-0.031147024391341434
COPS5,M01,0.023221315029865828,0.023221315029865828
THAP12,M01,0.02467966923630682,0.02467966923630682
WARS,M06,0.04904133932165058,0.04904133932165058
CCL5,M08,0.061005961873548384,0.061005961873548384
RPL13AP6,M02,0.023781273486605674,-0.023781273486605674
IRS2,M03,0.026517675332985758,-0.026517675332985758
SHKBP1,M01,0.023372944471155566,-0.023372944471155566
IL10,M03,0.0413710836583491,0.0413710836583491
PTMS,M04,0.03253011227387765,0.03253011227387765
MARC1,M03,0.02296697665093794,-0.02296697665093794
CCL3L3,M08,0.029316629247900898,0.029316629247900898
MAF1,M04,0.03288790195999315,0.03288790195999315
NUBPL,M05,0.03009474253277768,-0.03009474253277768
HSPE1,M07,0.03450368571574411,0.03450368571574411
SUZ12,M07,0.02469932895162723,-0.02469932895162723
CXCL8,M06,0.01861997002599683,-0.01861997002599683
PSMC2,M01,0.023655675561619093,0.023655675561619093
HEBP2,M03,0.027048588259673323,0.027048588259673323
CD93,M04,0.022167102414108845,-0.022167102414108845
HELZ2,M07,0.023796031717176046,-0.023796031717176046
USP10,M02,0.031029604067835708,0.031029604067835708
RPLP1,M03,0.042583907953726234,0.042583907953726234
CHCHD2,M01,0.012437068586235323,0.012437068586235323
CTSG,M07,0.01644384142175225,-0.01644384142175225
CNIH4,M01,0.02077829895022894,0.02077829895022894
PPIAL4A,M04,0.02049622769395999,0.02049622769395999
SRGN,M02,0.01898183818054896,0.01898183818054896
CHPT1,M05,0.03940213052350577,0.03940213052350577
AZU1,M07,0.01685950650551998,-0.01685950650551998
PAM,M08,0.01863711624297588,0.01863711624297588
ATP6V1D,M04,0.021218773767956233,0.021218773767956233
TRAK2,M07,0.035695854112319354,-0.035695854112319354
FOXN2,M01,0.023942576810349767,0.023942576810349767
MRPL51,M07,0.028235940907057434,0.028235940907057434
CD3D,M01,0.020291815341262568,0.020291815341262568
PANX2,M02,0.030505399487521564,0.030505399487521564
SNRK,M01,0.022656275705533455,0.022656275705533455
MAPK8IP1,M06,0.009816736954598478,-0.009816736954598478
BAZ2B,M03,0.022527375512989806,-0.022527375512989806
TMEM71,M03,0.02634375920148889,-0.02634375920148889
RGCC,M06,0.029373614714541574,-0.029373614714541574
ITK,M06,0.023253894981115315,-0.023253894981115315
NMI,M02,0.023182026185466796,0.023182026185466796
SOD1,M07,0.0234100734475424,0.0234100734475424
CFLAR,M03,0.024618406305669516,0.024618406305669516
EIF5A,M04,0.019566526047275015,0.019566526047275015
MIAT,M08,0.06331443003342845,0.06331443003342845
MARCKS,M02,0.027599941092740533,0.027599941092740533
LAP3,M06,0.05253119569324318,0.05253119569324318
NOP10,M05,0.02435942583639314,-0.02435942583639314
AQP9,M02,0.027677082803705965,0.027677082803705965
HCG27,M07,0.02692907055955034,-0.02692907055955034
ABCC3,M01,0.016348413932592995,-0.016348413932592995
SERF2,M04,0.0354330218413993,0.0354330218413993
MTPN,M05,0.022736388824569312,0.022736388824569312
XAF1,M06,0.03984989985036657,0.03984989985036657
SCO2,M07,0.04489247631004214,-0.04489247631004214
ADGRG1,M08,0.06956611802358331,0.06956611802358331
BPI,M07,0.02034688602846083,-0.02034688602846083
IGF2R,M04,0.02081498164474009,-0.02081498164474009
GATA1,M04,0.034863293882875096,0.034863293882875096
TMEM140,M03,0.021668569417659662,-0.021668569417659662
STX11,M02,0.025510892553923737,0.025510892553923737
HIST1H4C,M07,0.026765712129339963,-0.026765712129339963
CMTM6,M03,0.029567591980573495,-0.029567591980573495
NABP1,M01,0.02108973260242684,0.02108973260242684
PSMB1,M01,0.022633293971465972,0.022633293971465972
LTA4H,M06,0.029693066356200764,0.029693066356200764
PAPOLA,M01,0.021477482303717554,0.021477482303717554
ALPP,M03,0.03626373876146412,0.03626373876146412
NPRL3,M05,0.026885299635220156,0.026885299635220156
FAM129A,M07,0.020316802009084107,0.020316802009084107
ADGRG3,M02,0.022309244548494468,0.022309244548494468
IL2RB,M08,0.03881887650732264,0.03881887650732264
DOCK11,M01,0.02442391373868458,0.02442391373868458
RPS4X,M08,0.03224345986445399,-0.03224345986445399
TMED5,M01,0.023672888011606857,0.023672888011606857
GPR183,M06,0.024217958366794173,-0.024217958366794173
CSF3R,M02,0.021348790431779216,0.021348790431779216
MXD1,M02,0.02902555754758079,0.02902555754758079
CD6,M02,0.030279820290947824,-0.030279820290947824
ARAP3,M02,0.02109243917642399,0.02109243917642399
PTGES3,M03,0.029712585441470134,0.029712585441470134
HES4,M07,0.03143601181318389,-0.03143601181318389
FAU,M07,0.024414422116630835,-0.024414422116630835
RAB10,M01,0.023773955106790538,0.023773955106790538
FAM120A,M02,0.020033339838138767,0.020033339838138767
ZNF467,M05,0.024824485770179677,-0.024824485770179677
FAM101B,M07,0.024487087379495894,0.024487087379495894
JCHAIN,M01,0.013595359400882181,0.013595359400882181
KLRF1,M08,0.04134540291454562,0.04134540291454562
SLC38A5,M04,0.03350517627470887,0.03350517627470887
BTAF1,M01,0.025869551776501413,0.025869551776501413
ZFAND5,M05,0.020327382028749758,0.020327382028749758
CYSTM1,M03,0.028273937848743706,-0.028273937848743706
CEACAM6,M07,0.020957398938386683,-0.020957398938386683
KLF1,M04,0.031575507845231554,0.031575507845231554
WDFY1,M07,0.024401127800478,-0.024401127800478
IFI16,M06,0.029672637287684,0.029672637287684
TMEM256,M07,0.02328208646920675,-0.02328208646920675
OASL,M06,0.040858270475625215,0.040858270475625215
SLPI,M05,0.021861194308956604,-0.021861194308956604
MT1A,M06,0.03630371560008685,0.03630371560008685
NARS,M03,0.03008506317599753,0.03008506317599753
CMC2,M01,0.023272508916782134,0.023272508916782134
HIST2H2AA3,M02,0.0213543625680316,0.0213543625680316
DNAJA4,M05,0.040578939641382886,0.040578939641382886
NOD2,M07,0.02280234726892701,-0.02280234726892701
DDIT4,M08,0.059117354169999206,0.059117354169999206
JAK1,M07,0.036014795994925006,0.036014795994925006
BASP1,M02,0.030080019540694367,0.030080019540694367
SEC14L1,M07,0.029913002334006688,0.029913002334006688
RAB11A,M03,0.024209506842784712,-0.024209506842784712
SDPR,M01,0.015305312259623251,0.015305312259623251
SLU7,M07,0.02825172838358685,0.02825172838358685
BNIP2,M01,0.023398311886068078,0.023398311886068078
FPR1,M02,0.022001135036115713,0.022001135036115713
GNL3L,M01,0.019041046187687573,-0.019041046187687573
ZNF486,M03,0.03812291363903321,0.03812291363903321
RBM25,M01,0.022665245844569387,0.022665245844569387
HSPB1,M03,0.03005375805774541,0.03005375805774541
MX2,M08,0.025021174489373847,-0.025021174489373847
CLIC3,M08,0.04691661977463852,0.04691661977463852
DYNLT1,M03,0.02748165118551927,-0.02748165118551927
E2F3,M07,0.027919275069148167,0.027919275069148167
ADGRE3,M02,0.030859839786291112,0.030859839786291112
CHMP5,M01,0.02305080632005521,0.02305080632005521
SPOCK2,M02,0.02437394901623388,-0.02437394901623388
RPL13A,M03,0.017207831912057794,0.017207831912057794
ATP6AP2,M01,0.019457837664419872,0.019457837664419872
B4GALT5,M02,0.031172933931485805,0.031172933931485805
HIST1H2AC,M02,0.022543197720024014,0.022543197720024014
CD247,M08,0.041360561779669076,0.041360561779669076
SELL,M03,0.022734885666563422,-0.022734885666563422
RAD23A,M05,0.029358521387385164,0.029358521387385164
LMOD3,M05,0.038847012575513,-0.038847012575513
ZNF223,M03,0.03197219035702628,0.03197219035702628
PTBP3,M01,0.02147682152482178,0.02147682152482178
C15orf39,M01,0.02067514228669171,-0.02067514228669171
CD3E,M02,0.024363134599342376,-0.024363134599342376
KRT23,M07,0.02511616155815369,0.02511616155815369
NELL2,M06,0.029812334151786506,-0.029812334151786506
GBP4,M06,0.04138775305545476,0.04138775305545476
FAM160B1,M01,0.02186158813857578,0.02186158813857578
TMEM91,M02,0.023095960839464316,0.023095960839464316
TM9SF2,M02,0.027116812131859836,0.027116812131859836
PPP1CC,M01,0.025305855595848054,0.025305855595848054
GTF2H5,M04,0.028573386854661726,0.028573386854661726
CCT2,M01,0.021564752290922785,0.021564752290922785
IGSF6,M05,0.03243651686647955,-0.03243651686647955
ACKR1,M04,0.03439359565312981,0.03439359565312981
TREML3P,M02,0.014602478738363019,0.014602478738363019
ACTR2,M01,0.021370435938911008,0.021370435938911008
TLN1,M01,0.024560094094481167,-0.024560094094481167
LOC101929523,M04,0.02043476709812761,0.02043476709812761
TNFSF13B,M07,0.03563678909070888,-0.03563678909070888
LPAR2,M02,0.018430274720758377,0.018430274720758377
C5AR1,M02,0.02503075592281482,0.02503075592281482
IFI35,M06,0.046213781248341024,0.046213781248341024
FTH1P3,M02,0.026542923780488715,0.026542923780488715
RPS6,M03,0.02514966625284704,0.02514966625284704
ZBTB33,M01,0.025243035138762443,0.025243035138762443
RYBP,M01,0.019043992636487726,-0.019043992636487726
WASF2,M01,0.021501475328441468,-0.021501475328441468
MBD6,M01,0.021436706009355384,-0.021436706009355384
IL1B,M02,0.018221216003656407,0.018221216003656407
HAUS2,M03,0.03361738553006364,0.03361738553006364
PRDX5,M04,0.031424765245857404,0.031424765245857404
ZNF69,M05,0.03331540158561653,-0.03331540158561653
CYP1B1,M07,0.025954821385025337,-0.025954821385025337
RNASE6,M05,0.025595063008757545,-0.025595063008757545
UBQLN2,M03,0.02956809004811448,0.02956809004811448
RBPMS2,M04,0.008641089978500112,0.008641089978500112
FHL3,M01,0.014344861665941157,-0.014344861665941157
ARHGEF3,M01,0.021039655896874218,0.021039655896874218
MLKL,M02,0.02503208718619178,0.02503208718619178
C19orf43,M03,0.033794244293037956,0.033794244293037956
HLA-E,M03,0.02381816226013287,0.02381816226013287
ESPN,M04,0.01765799204267858,0.01765799204267858
PIK3IP1,M06,0.03463613098413617,-0.03463613098413617
NT5M,M04,0.02313110515790109,0.02313110515790109
FCGBP,M02,0.013256756982871955,-0.013256756982871955
RPS29,M01,0.02145299744768784,0.02145299744768784
HECA,M03,0.0233051141830528,0.0233051141830528
CD36,M06,0.04177969276714806,0.04177969276714806
MAGT1,M05,0.033180408631665805,-0.033180408631665805
SEMA3E,M05,0.0457508098694535,-0.0457508098694535
PQLC1,M05,0.02694373997919479,0.02694373997919479
CD2,M08,0.03247353266897851,0.03247353266897851
TLR5,M07,0.040803031969715645,-0.040803031969715645
PARP14,M06,0.03939391189664002,0.03939391189664002
RPS13,M03,0.019349889325431927,0.019349889325431927
MEGF10,M04,0.026090261048448145,0.026090261048448145
HLA-DOB,M08,0.04559176711287696,-0.04559176711287696
RAP2A,M08,0.04273931678077079,0.04273931678077079
STAT1,M06,0.03329732452280718,0.03329732452280718
MYL12B,M01,0.021396555024076235,0.021396555024076235
TMBIM4,M03,0.026968979497857083,-0.026968979497857083
VMP1,M03,0.03190219550370028,-0.03190219550370028
ZDHHC18,M02,0.025543545410658158,0.025543545410658158
SLC25A39,M05,0.033113971121510946,0.033113971121510946
TPST1,M02,0.02054676676941434,0.02054676676941434
H2AFZ,M01,0.022663983902786632,0.022663983902786632
LPAR6,M07,0.03196471477067854,-0.03196471477067854
MAP3K7CL,M04,0.022353452187647088,0.022353452187647088
LOC101927166,M04,0.024990741863103818,0.024990741863103818
LAIR2,M08,0.026255593747060314,0.026255593747060314
CDC25B,M02,0.03277865905732622,-0.03277865905732622
EFR3A,M07,0.02850583218641405,-0.02850583218641405
GIMAP5,M02,0.033150839842794044,-0.033150839842794044
SHARPIN,M04,0.03004516350246314,0.03004516350246314
ITGB7,M02,0.027171734574883626,-0.027171734574883626
GTF2B,M05,0.02232607073427658,-0.02232607073427658
RPLP0,M02,0.019416928719594023,-0.019416928719594023
TMEM126A,M01,0.02240707023867816,0.02240707023867816
GRN,M06,0.03189927660664839,0.03189927660664839
RB1CC1,M01,0.02478689207349723,0.02478689207349723
SSTR2,M03,0.03363256510980061,0.03363256510980061
BANK1,M08,0.03934649707012981,-0.03934649707012981
CD79A,M08,0.05025111244848949,-0.05025111244848949
ITGAM,M02,0.023464519300985174,0.023464519300985174
CRIPAK,M01,0.019286661066954404,-0.019286661066954404
CSF1R,M06,0.03978198178429129,0.03978198178429129
IMPA2,M03,0.022710065590943556,-0.022710065590943556
HIP1,M07,0.016312683603706395,0.016312683603706395
LMBRD1,M01,0.02034526870625166,0.02034526870625166
IGFLR1,M05,0.0142835712648786,-0.0142835712648786
CHST15,M04,0.021858284786331107,-0.021858284786331107
PIGY,M01,0.02507154412878163,0.02507154412878163
SSB,M07,0.029423328298160526,0.029423328298160526
CRIP1,M03,0.02263736994606185,0.02263736994606185
RPS14,M05,0.021126939660702573,-0.021126939660702573
ARL17A,M06,0.011024098147191741,-0.011024098147191741
FZD7,M04,0.028092645445948604,0.028092645445948604
STAT2,M07,0.03888310071492773,-0.03888310071492773
BLZF1,M03,0.03522177775876788,0.03522177775876788
C12orf57,M06,0.0327508946478333,-0.0327508946478333
MICU2,M01,0.02449430243193978,0.02449430243193978
CPVL,M06,0.048587278244803286,0.048587278244803286
MS4A6A,M06,0.03539045625571179,0.03539045625571179
LMO2,M02,0.024458103134033588,0.024458103134033588
PCED1B,M08,0.03366669227987816,-0.03366669227987816
TIMP1,M01,0.018326992838883182,-0.018326992838883182
CLEC4A,M03,0.02225450110934409,-0.02225450110934409
KCNJ2,M03,0.03188621726352717,-0.03188621726352717
CNBP,M07,0.02614697635359392,0.02614697635359392
PPM1F,M04,0.02392096069896242,-0.02392096069896242
GPR146,M05,0.03168918590580455,0.03168918590580455
RAX2,M03,0.03605808171427936,0.03605808171427936
RPL7,M04,0.025384569641799512,0.025384569641799512
ANKRD12,M01,0.02575535437918704,0.02575535437918704
TNIP1,M04,0.029494112285859977,0.029494112285859977
DOCK8,M02,0.02570777733634471,0.02570777733634471
HLA-DRB4,M08,0.02426674028479925,-0.02426674028479925
IL17RA,M05,0.023947266611231328,-0.023947266611231328
TIAM2,M03,0.01184113374504879,-0.01184113374504879
RHOA,M03,0.03464356789727064,0.03464356789727064
XPO7,M05,0.037646643039022785,0.037646643039022785
SLC31A2,M03,0.022366005303741863,-0.022366005303741863
UBXN4,M01,0.022221491586499414,0.022221491586499414
S100A11,M02,0.030635577519465728,0.030635577519465728
MIR181A2HG,M08,0.05302776354413738,0.05302776354413738
CTSB,M01,0.019642069181923186,-0.019642069181923186
ANAPC13,M01,0.023457505911305524,0.023457505911305524
TRIM25,M03,0.028027430312469702,-0.028027430312469702
ATG16L2,M05,0.02674189708515448,-0.02674189708515448
RPL14,M03,0.02169656050594507,0.02169656050594507
CCDC53,M01,0.02088496363449104,0.02088496363449104
MYO1F,M05,0.027657695757200555,-0.027657695757200555
SARAF,M01,0.021565733950477776,0.021565733950477776
SIDT2,M06,0.022282147231772537,0.022282147231772537
ZBP1,M07,0.027304774957574433,-0.027304774957574433
TBC1D10B,M04,0.028476506370357493,0.028476506370357493
MYADM,M02,0.022095570766396604,0.022095570766396604
GMFB,M07,0.02771538121219998,-0.02771538121219998
MRPS22,M01,0.022051735918015965,0.022051735918015965
BCYRN1,M03,0.03773445420599616,0.03773445420599616
SLC25A44,M02,0.031189218347577288,0.031189218347577288
BLOC1S1,M04,0.032148164584192784,0.032148164584192784
TAGLN2,M07,0.026883039487297897,0.026883039487297897
SH3BGRL2,M04,0.02306432664514612,0.02306432664514612
RGL4,M03,0.02343360003955131,-0.02343360003955131
YWHAQ,M05,0.026884426060822017,0.026884426060822017
XPO6,M02,0.021774627720381336,0.021774627720381336
HIST2H2AC,M05,0.027735937504910848,-0.027735937504910848
TTC38,M08,0.06343831235678281,0.06343831235678281
CD7,M02,0.020488654893737992,-0.020488654893737992
POLR3GL,M07,0.027918054973550425,0.027918054973550425
PLEKHF1,M08,0.059031036843830556,0.059031036843830556
ATP6V1E1,M03,0.025519852310083437,-0.025519852310083437
IGLL1,M08,0.019859437709561646,-0.019859437709561646
MTURN,M04,0.030251843371220385,0.030251843371220385
PFKFB4,M02,0.022371903320136152,0.022371903320136152
CTSA,M01,0.02220158073840873,-0.02220158073840873
MBD4,M05,0.03439823606278966,-0.03439823606278966
BEST1,M02,0.020904145869424424,0.020904145869424424
NBEAL2,M07,0.025855533619402283,-0.025855533619402283
CLDND2,M08,0.056986812632405834,0.056986812632405834
SRSF1,M03,0.023810589231453946,0.023810589231453946
CD81,M02,0.02746600883105004,-0.02746600883105004
RPA3,M01,0.02096081520867499,0.02096081520867499
PGD,M02,0.016689513797222822,0.016689513797222822
NFE2,M01,0.019964878914492314,-0.019964878914492314
P2RX1,M05,0.020271738285529497,-0.020271738285529497
SLC1A5,M05,0.03574078405761221,0.03574078405761221
MAST3,M01,0.021237833566401645,-0.021237833566401645
HK3,M07,0.03673171620645386,-0.03673171620645386
FURIN,M04,0.023357230897919502,0.023357230897919502
HSPA1B,M05,0.02289602196551269,0.02289602196551269
SF3B6,M04,0.022680557497294286,0.022680557497294286
SMAP2,M07,0.02970887177741874,0.02970887177741874
SNX2,M01,0.023848276778460187,0.023848276778460187
OLIG1,M06,0.021264726007265797,0.021264726007265797
SPI1,M02,0.02717003348190114,0.02717003348190114
OGT,M05,0.02096112687899308,0.02096112687899308
RNF165,M08,0.025115379526312716,0.025115379526312716
PTPN4,M08,0.03828340701854729,0.03828340701854729
POLE4,M05,0.02492809344054236,-0.02492809344054236
ARID3A,M01,0.02058337752335352,-0.02058337752335352
MCOLN2,M08,0.04041198377812354,0.04041198377812354
ATP5F1,M01,0.024489190474039742,0.024489190474039742
ANKDD1A,M07,0.0144346749962531,-0.0144346749962531
ZNF786,M03,0.03607983305315447,0.03607983305315447
HCAR3,M08,0.021021945905751283,-0.021021945905751283
UQCRH,M04,0.023074037221632534,0.023074037221632534
EZR,M02,0.03002964456294217,-0.03002964456294217
ERGIC1,M02,0.028940807884726052,0.028940807884726052
SELPLG,M06,0.03045745203557482,-0.03045745203557482
CHSY1,M02,0.02816895664214001,0.02816895664214001
VWF,M01,0.015097673012357466,-0.015097673012357466
HMGN4,M01,0.023451780309735114,0.023451780309735114
IL13RA1,M03,0.025260271686168397,-0.025260271686168397
CKAP4,M02,0.018907939044204264,0.018907939044204264
SSR1,M01,0.024936844613266528,0.024936844613266528
SLC38A2,M01,0.01990898639756969,0.01990898639756969
TGM3,M02,0.017344380872711958,0.017344380872711958
MFN2,M01,0.01911514956506618,-0.01911514956506618
HMGB2,M07,0.024392771480020902,0.024392771480020902
RPL10A,M03,0.020685691522399453,0.020685691522399453
GVINP1,M07,0.025141031363230197,-0.025141031363230197
CEBPB,M04,0.028328055283166727,-0.028328055283166727
CD3G,M02,0.017616438056326653,-0.017616438056326653
CYB5R4,M02,0.029434177338858378,0.029434177338858378
VAMP7,M01,0.025103392896887802,0.025103392896887802
CRBN,M01,0.02617803161596197,0.02617803161596197
ALOX5AP,M02,0.022928037878299373,0.022928037878299373
TRA2B,M03,0.02479636403617003,0.02479636403617003
CEBPD,M02,0.02707843806941668,0.02707843806941668
STX3,M02,0.031375608246967,0.031375608246967
TYMP,M06,0.043061485329912365,0.043061485329912365
ITCH-IT1,M05,0.043683687019994324,-0.043683687019994324
LINC00936,M07,0.04348934203398418,-0.04348934203398418
BCL3,M02,0.02320919783742243,0.02320919783742243
CSRNP1,M08,0.019231556459475177,-0.019231556459475177
MMD,M03,0.014486537794206507,-0.014486537794206507
HLA-DMA,M06,0.028098640735739103,0.028098640735739103
PLCB2,M01,0.021439426442816698,-0.021439426442816698
HSH2D,M05,0.02949489649484921,-0.02949489649484921
ZNF217,M02,0.02641261878075486,0.02641261878075486
CUEDC1,M05,0.023931043567260658,-0.023931043567260658
CLNS1A,M01,0.0238904044340083,0.0238904044340083
NDUFAB1,M03,0.028602588866942686,0.028602588866942686
IRAK3,M03,0.02226568339476366,-0.02226568339476366
LILRA5,M03,0.027102986264622195,-0.027102986264622195
SH3GLB2,M06,0.018276327071877988,-0.018276327071877988
EIF2AK4,M03,0.03453246056187625,0.03453246056187625
PLBD1,M03,0.02785005703691638,-0.02785005703691638
LEMD3,M01,0.02188741379996044,0.02188741379996044
OSCAR,M01,0.01799035750209777,-0.01799035750209777
ZMPSTE24,M01,0.022701137183479284,0.022701137183479284
ITPR3,M02,0.024023399667229887,-0.024023399667229887
RPL37A,M03,0.03794981634986551,0.03794981634986551
NADK,M02,0.019908767585229723,0.019908767585229723
DNAJC8,M02,0.020411821433638767,-0.020411821433638767
HSPA6,M02,0.021739806897649618,0.021739806897649618
MRPL22,M07,0.028669729957299935,0.028669729957299935
PPP2R5B,M04,0.027142789119862957,0.027142789119862957
MGEA5,M06,0.021837993883733586,-0.021837993883733586
BMI1,M01,0.024527990649639873,0.024527990649639873
NDE1,M03,0.022423515779440323,0.022423515779440323
TMEM59,M01,0.022901740694162787,0.022901740694162787
RBM47,M02,0.02876509372373673,0.02876509372373673
RANBP10,M05,0.03998061728867511,0.03998061728867511
PCMTD1,M01,0.022982759334237896,0.022982759334237896
FRAT2,M02,0.0247704138752588,0.0247704138752588
ICAM3,M01,0.019863867227311347,-0.019863867227311347
TAP1,M04,0.031756398461732574,-0.031756398461732574
AQP10,M01,0.011389259593372027,-0.011389259593372027
RARRES3,M02,0.028913247794424068,-0.028913247794424068
C2CD5,M01,0.023547782906219145,0.023547782906219145
CPD,M02,0.023384696650855477,0.023384696650855477
DECR1,M03,0.028933714340176015,0.028933714340176015
SH3BGRL,M05,0.03122430758844479,0.03122430758844479
STAT4,M08,0.02859975052926481,0.02859975052926481
RPL41,M04,0.023246724811120965,0.023246724811120965
TMEM126B,M01,0.026025651898926687,0.026025651898926687
SACM1L,M03,0.023541430813923035,0.023541430813923035
VAMP5,M06,0.04080703638903788,0.04080703638903788
IFITM1,M03,0.02422988405730782,-0.02422988405730782
OPTN,M05,0.03944457089287929,0.03944457089287929
YPEL3,M04,0.021749974011753485,0.021749974011753485
SNX3,M05,0.03706700778658637,0.03706700778658637
MCUB,M01,0.02152279949709165,0.02152279949709165
RAB31,M03,0.03561611791082928,-0.03561611791082928
AGO2,M06,0.027663202785027194,-0.027663202785027194
CD14,M06,0.03418296592167896,0.03418296592167896
SPICE1,M04,0.02746699851217823,0.02746699851217823
NINJ1,M02,0.0181976843705704,0.0181976843705704
PRDX1,M06,0.022634102923223473,0.022634102923223473
PILRA,M02,0.02059490162254025,0.02059490162254025
PLPPR2,M02,0.020323159899330718,0.020323159899330718
TGFBI,M06,0.038616518116289675,0.038616518116289675
ABHD5,M02,0.03432852643310877,0.03432852643310877
CTSZ,M06,0.027385393939634184,0.027385393939634184
FAM53C,M02,0.02023784559496985,0.02023784559496985
HSPA8,M01,0.021664362486844328,0.021664362486844328
ARPC1B,M07,0.03693387381957911,0.03693387381957911
CCDC59,M01,0.022764111084859283,0.022764111084859283
HSPB11,M07,0.030024761684579206,0.030024761684579206
KIR2DL1,M08,0.030387925028927495,0.030387925028927495
UFC1,M02,0.022257131822342135,-0.022257131822342135
KPNB1,M02,0.027759833233068947,0.027759833233068947
CECR6,M07,0.016772209242121878,-0.016772209242121878
KEL,M04,0.03376302756551669,0.03376302756551669
SQSTM1,M01,0.01455951951530315,-0.01455951951530315
ROPN1L,M03,0.025004016181333178,-0.025004016181333178
STRIP2,M05,0.032500046386027305,-0.032500046386027305
SRSF6,M01,0.021998381345946186,0.021998381345946186
PACS1,M01,0.023514774166730985,-0.023514774166730985
GYPC,M04,0.03248640066927686,0.03248640066927686
RPL22,M08,0.029974639446374466,-0.029974639446374466
PLIN3,M02,0.028901175719077885,0.028901175719077885
CTSS,M07,0.03338355255830914,-0.03338355255830914
PARP12,M07,0.0387247281612232,-0.0387247281612232
LIME1,M08,0.024282247413715506,0.024282247413715506
FLOT1,M01,0.018752740690670174,-0.018752740690670174
FES,M05,0.02194768510166008,-0.02194768510166008
ITGA5,M01,0.02110748503431245,-0.02110748503431245
KLHDC8B,M01,0.013753229687834927,-0.013753229687834927
BNIP3L,M05,0.03552396198850375,0.03552396198850375
ITLN1,M04,0.030056909835788494,0.030056909835788494
DENND3,M02,0.023167271043606368,0.023167271043606368
TRAPPC5,M07,0.03752206079025285,-0.03752206079025285
IRF3,M04,0.022094434081010025,0.022094434081010025
PTEN,M03,0.029683324353482338,-0.029683324353482338
SLC16A3,M02,0.02873180435405796,0.02873180435405796
TMEM243,M01,0.023546344273196823,0.023546344273196823
HLA-DOA,M08,0.04982615213857611,-0.04982615213857611
TNFRSF1B,M03,0.022849930374374557,0.022849930374374557
STXBP2,M01,0.02429074873632651,-0.02429074873632651
RPL6,M01,0.02052793404171899,0.02052793404171899
SNORD13,M07,0.03890209866767405,-0.03890209866767405
TMEM14B,M03,0.021745873862286293,0.021745873862286293
OAS3,M06,0.04435512774907912,0.04435512774907912
COX6C,M04,0.03647145766359107,0.03647145766359107
LYSMD2,M08,0.020111987418134192,-0.020111987418134192
TBL1X,M07,0.02136944211901322,0.02136944211901322
ALPK1,M02,0.024993319951447622,0.024993319951447622
ZYX,M01,0.02119901118890896,-0.02119901118890896
FAM134A,M04,0.02917486958251818,0.02917486958251818
CTSD,M01,0.020970524707214295,-0.020970524707214295
BABAM1,M04,0.033149151168826246,0.033149151168826246
C14orf166,M03,0.025460433390853958,0.025460433390853958
MFSD1,M01,0.020476927945806703,0.020476927945806703
ITPK1,M02,0.024770944188906775,0.024770944188906775
UBL3,M01,0.02429136713294168,0.02429136713294168
TLR1,M02,0.02767518047118639,0.02767518047118639
FTH1,M02,0.024891867164076594,0.024891867164076594
NT5C2,M02,0.03068715493534552,0.03068715493534552
ANKRD22,M07,0.031187242494124214,-0.031187242494124214
RSBN1,M01,0.022773331545084888,0.022773331545084888
FAM45A,M02,0.024189381145751282,0.024189381145751282
HLA-DPA1,M06,0.04224270735130563,0.04224270735130563
LRMP,M03,0.02057744180248658,-0.02057744180248658
EIF2A,M01,0.0231271438354201,0.0231271438354201
H1F0,M06,0.022149260744652732,0.022149260744652732
ACAT1,M01,0.02310906752353393,0.02310906752353393
ATP6V0D1,M01,0.021840532758098448,-0.021840532758098448
ZBED5,M01,0.026393907816342446,0.026393907816342446
BTN3A2,M06,0.02322881033014218,0.02322881033014218
FCER2,M08,0.03558720155130147,-0.03558720155130147
PPP2R3C,M01,0.022527577987296713,0.022527577987296713
POLR2A,M07,0.020745049770478342,0.020745049770478342
NDUFB10,M03,0.035947333545665205,0.035947333545665205
AP2M1,M04,0.02717741741123887,0.02717741741123887
TPP1,M06,0.026040965491821777,0.026040965491821777
CYBB,M06,0.04264513540725733,0.04264513540725733
MIS18BP1,M01,0.024152328081895314,0.024152328081895314
RPL12,M02,0.02424244578203933,-0.02424244578203933
CTDSPL,M04,0.021524196837728948,0.021524196837728948
SEC61B,M03,0.03103899224449403,0.03103899224449403
PVALB,M04,0.011491150056782234,0.011491150056782234
FAM117B,M01,0.019919688554246553,0.019919688554246553
KIAA1551,M02,0.02467368609116918,0.02467368609116918
PPP2R5A,M03,0.030649387514210324,-0.030649387514210324
NAPRT,M05,0.01853601814096394,-0.01853601814096394
MSRB1,M03,0.029428501417571532,-0.029428501417571532
PINK1,M04,0.030093305252698866,0.030093305252698866
EGR1,M05,0.01750451782521893,-0.01750451782521893
LUC7L3,M03,0.024639297328231384,0.024639297328231384
NKTR,M04,0.02777016285093471,-0.02777016285093471
CCR1,M08,0.03843042614367773,-0.03843042614367773
ZNF302,M01,0.02565424634924674,0.02565424634924674
IPO8,M08,0.00906408196166037,-0.00906408196166037
ADAM8,M06,0.022686756232644385,-0.022686756232644385
HDDC2,M01,0.021110333889084915,0.021110333889084915
SLC45A3,M04,0.01660303596602739,-0.01660303596602739
SAT1,M06,0.028037204678400887,0.028037204678400887
ITGAL,M08,0.02874147645016723,0.02874147645016723
PQLC3,M01,0.02266289439457306,0.02266289439457306
C5orf15,M03,0.02208014789122038,-0.02208014789122038
NCF4,M02,0.02785053936614398,0.02785053936614398
MGRN1,M01,0.020609291897546057,-0.020609291897546057
DPEP2,M06,0.022560937927933414,-0.022560937927933414
C8orf59,M01,0.021950400421346192,0.021950400421346192
MS4A7,M06,0.040404662229479846,0.040404662229479846
PVRIG,M02,0.028589208720006858,-0.028589208720006858
RALB,M03,0.028663205728821247,-0.028663205728821247
APBB1IP,M04,0.02170218957915964,-0.02170218957915964
SLC2A3,M02,0.020505565511678474,0.020505565511678474
RPS9,M07,0.027844859431199808,-0.027844859431199808
RPS5,M07,0.026387721123284746,-0.026387721123284746
GPBAR1,M06,0.04746208029563884,0.04746208029563884
PPP3R1,M05,0.02600756284234627,0.02600756284234627
BAG6,M04,0.02751739209909848,0.02751739209909848
EVL,M02,0.025520470343757404,-0.025520470343757404
MCL1,M02,0.034397785839659606,0.034397785839659606
GTF3A,M02,0.021596019570635068,-0.021596019570635068
HNRNPA2B1,M03,0.022432827974881345,0.022432827974881345
LOC107987345,M04,0.017972638942410617,0.017972638942410617
PRAM1,M01,0.01987874573430952,-0.01987874573430952
MYH9,M07,0.03259223810723533,0.03259223810723533
RPL13AP20,M03,0.027056943416921823,0.027056943416921823
STAT6,M02,0.014723453515971461,0.014723453515971461
HSPH1,M01,0.023852789116265673,0.023852789116265673
SH2D1B,M08,0.035145709254606854,0.035145709254606854
TRANK1,M01,0.017739160151406152,-0.017739160151406152
GFOD1,M08,0.03775906168281378,0.03775906168281378
ECHDC2,M06,0.02444633308003994,-0.02444633308003994
MIDN,M05,0.022161042522732828,-0.022161042522732828
FCGR2A,M02,0.0312464256144373,0.0312464256144373
C10orf54,M04,0.025015782071084697,-0.025015782071084697
SIPA1L2,M02,0.03130437177999443,0.03130437177999443
TRMT112,M03,0.030263568625841647,0.030263568625841647
FAM214B,M04,0.022692362436069806,0.022692362436069806
PABPC1,M03,0.03912316846855753,0.03912316846855753
TNFAIP6,M03,0.017953856565486127,-0.017953856565486127
GPI,M02,0.021158339354814055,-0.021158339354814055
MSRB2,M05,0.03158235966838858,-0.03158235966838858
LAG3,M08,0.05653510641303786,0.05653510641303786
SLC15A3,M01,0.020857273164065927,-0.020857273164065927
CLDND1,M01,0.024775216598770883,0.024775216598770883
RASAL3,M08,0.024953157714519184,0.024953157714519184
ADD3,M03,0.02640060231021183,0.02640060231021183
FLT3LG,M08,0.027996086797557294,-0.027996086797557294
TLR4,M02,0.02698444262356011,0.02698444262356011
PISD,M02,0.02342566159812258,0.02342566159812258
CASC3,M03,0.020389291572665197,-0.020389291572665197
TACC3,M02,0.025411204089566278,0.025411204089566278
MPPE1,M04,0.02565744733388492,-0.02565744733388492
SLC43A2,M01,0.019772287373668124,-0.019772287373668124
NDUFB5,M01,0.021971325702434177,0.021971325702434177
OAS1,M06,0.052876541326639395,0.052876541326639395
NFKBIA,M03,0.021989305765850314,-0.021989305765850314
CMPK1,M01,0.02243420580146906,0.02243420580146906
VNN2,M02,0.022630918590499,0.022630918590499
ATP6V1A,M02,0.023393615021727734,0.023393615021727734
CARD8,M07,0.022655845188235123,-0.022655845188235123
CHRNA5,M05,0.048987522139481696,-0.048987522139481696
CHD9,M07,0.05290442190296001,-0.05290442190296001
VNN3,M02,0.02675024092179438,0.02675024092179438
RALA,M01,0.023033887017085038,0.023033887017085038
PIK3R2,M05,0.03145947342214239,0.03145947342214239
TECR,M02,0.02780997078819418,-0.02780997078819418
ECHDC3,M02,0.019994824972243003,0.019994824972243003
NOTCH1,M04,0.022206753736167976,-0.022206753736167976
LSM14A,M01,0.021552702735747414,0.021552702735747414
CX3CR1,M08,0.041609556581010135,0.041609556581010135
NPL,M05,0.02659713091620061,0.02659713091620061
TNFRSF1A,M04,0.02311418922403565,-0.02311418922403565
HSD17B7,M05,0.03656632217111869,-0.03656632217111869
HEBP1,M06,0.024096844075954,0.024096844075954
HCFC1,M03,0.03707267286788246,0.03707267286788246
HSP90B1,M02,0.018247178232632794,-0.018247178232632794
HIST1H2BD,M08,0.015477006024420306,-0.015477006024420306
LPCAT2,M07,0.01417170261898726,0.01417170261898726
PRPF8,M05,0.03214354027077614,0.03214354027077614
RPS19,M03,0.03888371241710038,0.03888371241710038
CAMK1G,M04,0.030085216233444532,0.030085216233444532
DDX17,M06,0.03079511836514552,-0.03079511836514552
ANXA5,M06,0.03379850135462493,0.03379850135462493
SUN2,M04,0.022840284307980477,-0.022840284307980477
KLF9,M01,0.02007654466325353,0.02007654466325353
XPO1,M01,0.021802378204353524,0.021802378204353524
SSH2,M02,0.01811111459673634,0.01811111459673634
HMGN1,M01,0.022103717008159635,0.022103717008159635
NCOA4,M03,0.027256983011233953,-0.027256983011233953
CD58,M01,0.022471610350706835,0.022471610350706835
RABEP1,M01,0.021319006409415888,0.021319006409415888
SMG1,M01,0.021983266917052918,0.021983266917052918
PRNP,M01,0.02142817895513585,0.02142817895513585
SRSF7,M01,0.023929848893788786,0.023929848893788786
ABHD3,M04,0.021483837617081548,-0.021483837617081548
RPF2,M07,0.02752449287453179,0.02752449287453179
MYO1G,M08,0.024744890077961247,0.024744890077961247
TKT,M03,0.022809702128664008,-0.022809702128664008
PTMA,M03,0.032347380262474905,0.032347380262474905
SIPA1L3,M04,0.02726191761289305,0.02726191761289305
WDR6,M02,0.02494109737916081,-0.02494109737916081
GBP2,M06,0.029062706171995124,0.029062706171995124
IL4R,M05,0.016467715929803263,-0.016467715929803263
MOB3A,M01,0.02291722642679013,-0.02291722642679013
APMAP,M08,0.03528364874489945,0.03528364874489945
FAM49B,M02,0.02512673800848322,0.02512673800848322
TMEM8A,M01,0.01610671659477617,-0.01610671659477617
IRF8,M08,0.02915710267238237,-0.02915710267238237
FOXP1-IT1,M01,0.02181243161837487,-0.02181243161837487
TARP,M08,0.060347201702735866,0.060347201702735866
ASCL2,M08,0.05449197953568266,0.05449197953568266
DNAJA2,M01,0.02490050256157634,0.02490050256157634
ACTR6,M01,0.02576609421970381,0.02576609421970381
HIST1H2BK,M03,0.016283069550100303,-0.016283069550100303
FAM118A,M04,0.009657010535772274,-0.009657010535772274
KIAA0226L,M02,0.02241979043605506,0.02241979043605506
CAT,M02,0.01583194572117102,0.01583194572117102
TRIB1,M03,0.02954063777308026,-0.02954063777308026
PIK3CD,M01,0.022342505965155093,-0.022342505965155093
PRICKLE4,M04,0.02291505448141447,0.02291505448141447
RCOR3,M01,0.02293384925406401,0.02293384925406401
LIPA,M06,0.0279137175133039,0.0279137175133039
PPP4R1,M02,0.03434269030502469,0.03434269030502469
VPS51,M02,0.0282627769161963,-0.0282627769161963
PSME2,M06,0.05569212108279139,0.05569212108279139
PAPD4,M01,0.021962313611066805,0.021962313611066805
NLRP12,M02,0.018202022579435085,0.018202022579435085
RRAGD,M02,0.020574494462520257,0.020574494462520257
PTGER4,M01,0.019465607041277835,0.019465607041277835
IL18R1,M08,0.0251919329070546,0.0251919329070546
PCMTD2,M03,0.020649310801595686,-0.020649310801595686
PTPRCAP,M03,0.032969402364627885,0.032969402364627885
ANKRD49,M01,0.025022209494475662,0.025022209494475662
P2RY13,M02,0.026338660640517833,0.026338660640517833
FBXO33,M03,0.022499421239671323,-0.022499421239671323
ACTN4,M01,0.023158361354305556,-0.023158361354305556
SRPK1,M02,0.023546782059682858,0.023546782059682858
CREBRF,M07,0.04808567931814287,-0.04808567931814287
EXTL3,M01,0.020843515778644614,-0.020843515778644614
KIR3DL1,M08,0.03842586004155488,0.03842586004155488
ASPRV1,M02,0.01776942761971627,0.01776942761971627
ZNF641,M06,0.020575931512957297,-0.020575931512957297
TREML1,M04,0.019879422618199215,0.019879422618199215
CHD1,M03,0.019855823870446074,0.019855823870446074
GK,M03,0.024970542924263428,-0.024970542924263428
SH3GLB1,M03,0.03383435187095717,-0.03383435187095717
SBNO2,M02,0.026825448717464926,0.026825448717464926
ATP6V0A1,M01,0.02177413361844579,-0.02177413361844579
ROMO1,M05,0.03673528690498354,-0.03673528690498354
TP53INP1,M02,0.027149091950574224,0.027149091950574224
SRRD,M04,0.03855872089733447,0.03855872089733447
VIM,M03,0.02773208701293755,0.02773208701293755
ITPRIP,M02,0.025058350729463615,0.025058350729463615
PPP1R15A,M07,0.023439073014565364,0.023439073014565364
ID2,M08,0.05437348442717467,0.05437348442717467
NOSIP,M08,0.028721026513238098,-0.028721026513238098
SDHD,M03,0.024597123348718334,0.024597123348718334
HLA-DRA,M06,0.03803587907162004,0.03803587907162004
RSL1D1,M02,0.024510901715370088,-0.024510901715370088
VPS36,M01,0.023835743077368528,0.023835743077368528
C9orf142,M08,0.04190262298544859,0.04190262298544859
SOD2,M07,0.030479283151425812,0.030479283151425812
LITAF,M07,0.025994147193575165,0.025994147193575165
SRRM2,M04,0.025172608197179584,-0.025172608197179584
PGS1,M07,0.02451585498337602,-0.02451585498337602
PRKCH,M08,0.031691274938588344,0.031691274938588344
TRAT1,M01,0.023689735442715992,0.023689735442715992
MRPS18C,M07,0.025581198209048472,0.025581198209048472
MIF,M03,0.038304960909639856,0.038304960909639856
OSBPL5,M08,0.052030485560378203,0.052030485560378203
LGALS1,M06,0.039651836199845435,0.039651836199845435
SLC9A1,M01,0.024850768370105365,-0.024850768370105365
IRF5,M06,0.01797794686456949,0.01797794686456949
MAFB,M06,0.05431638630450034,0.05431638630450034
RPAIN,M01,0.020992796432874272,0.020992796432874272
PLOD1,M01,0.017052407756557603,-0.017052407756557603
ALOX12,M04,0.014535699057378679,0.014535699057378679
JAZF1,M05,0.03054936449402366,0.03054936449402366
SKAP2,M02,0.024469191434999944,0.024469191434999944
SNRPD2,M01,0.019623754005329765,0.019623754005329765
STAT3,M07,0.022077167441710916,0.022077167441710916
PTAFR,M02,0.023897102927700628,0.023897102927700628
NT5C3A,M08,0.02066907274336387,-0.02066907274336387
ESYT2,M02,0.026453911350196598,-0.026453911350196598
SLC22A4,M02,0.030183658071609182,0.030183658071609182
NACA,M03,0.031404274766303066,0.031404274766303066
DAZAP2,M04,0.030670005637607304,-0.030670005637607304
NUMB,M02,0.030202034101376493,0.030202034101376493
BIN1,M02,0.0286617246444954,-0.0286617246444954
MBP,M06,0.021979155349872874,-0.021979155349872874
IFI30,M06,0.0566723939874589,0.0566723939874589
TBXAS1,M04,0.01702499965181148,-0.01702499965181148
B4GALT3,M05,0.028399002920889278,0.028399002920889278
KIAA0513,M01,0.02086618284181371,-0.02086618284181371
BHLHE40,M07,0.03765795737519906,0.03765795737519906
GPSM3,M02,0.02122147742169966,0.02122147742169966
LSM7,M05,0.024044362828006535,-0.024044362828006535
HDAC2,M03,0.020865527198517513,0.020865527198517513
ZNHIT3,M01,0.024934348144819395,0.024934348144819395
CORO7,M01,0.02327885447018521,-0.02327885447018521
GIMAP7,M07,0.02767697866918452,0.02767697866918452
BRSK1,M06,0.04310891312802615,0.04310891312802615
ABTB1,M02,0.023517017364413226,0.023517017364413226
ARG1,M02,0.020900611440680995,0.020900611440680995
CRIP2,M08,0.026230963765539968,-0.026230963765539968
RENBP,M01,0.022727258984386732,-0.022727258984386732
TIMP2,M02,0.02076086212216977,0.02076086212216977
PTGDR2,M07,0.017843876155738663,0.017843876155738663
NFE2L2,M02,0.022968161284889935,0.022968161284889935
ZNF185,M02,0.022859292796114244,0.022859292796114244
IGBP1,M01,0.02135293176444938,0.02135293176444938
FCER1G,M06,0.033351841378772645,0.033351841378772645
ZSCAN18,M06,0.039364403470390226,-0.039364403470390226
CHD8,M01,0.020764340793676523,-0.020764340793676523
CYBRD1,M03,0.02077973895877585,-0.02077973895877585
TRMT5,M03,0.025424771559772037,0.025424771559772037
CLCN7,M01,0.017939810335522513,-0.017939810335522513
ANKRD9,M04,0.026629802182278495,0.026629802182278495
KPNA4,M01,0.022685670493765533,0.022685670493765533
LHPP,M04,0.017268416475878835,0.017268416475878835
CLIC1,M08,0.023246898576894326,0.023246898576894326
MAP3K11,M01,0.02230940300942445,-0.02230940300942445
CWC15,M07,0.029622092537899825,0.029622092537899825
TMPRSS9,M04,0.02367426183860006,0.02367426183860006
OSBPL8,M02,0.021131444066673968,0.021131444066673968
IL32,M08,0.03086485210055472,0.03086485210055472
DUSP19,M05,0.04036483127401448,-0.04036483127401448
CLINT1,M04,0.023932561412538328,-0.023932561412538328
CAPN15,M01,0.0235014878473853,-0.0235014878473853
IFNGR2,M04,0.029292751235323797,-0.029292751235323797
C14orf2,M04,0.02651735684193723,0.02651735684193723
ZFP36,M04,0.024375612344797088,-0.024375612344797088
SCAP,M01,0.019600165081586976,-0.019600165081586976
TSPAN33,M04,0.022566688459858132,0.022566688459858132
ZNFX1,M01,0.020259609813289912,-0.020259609813289912
HENMT1,M08,0.03623081870922813,0.03623081870922813
ZNF22,M01,0.02535311720264973,0.02535311720264973
PSTPIP2,M02,0.024577733967082557,0.024577733967082557
FAM65B,M03,0.023710894513396037,-0.023710894513396037
ARF3,M06,0.019155546027948177,0.019155546027948177
RASGRP1,M03,0.029342422257622555,0.029342422257622555
SYF2,M07,0.03681916756532417,0.03681916756532417
XRN1,M07,0.034216526585097926,-0.034216526585097926
PCDHB9,M03,0.03281123818524286,0.03281123818524286
PLSCR3,M02,0.030070426317771206,-0.030070426317771206
SERINC1,M01,0.020163457215008913,0.020163457215008913
PA2G4,M04,0.033725753731330035,0.033725753731330035
VSTM1,M06,0.02740711281624142,0.02740711281624142
GYG1,M02,0.022403329930449214,0.022403329930449214
MAPK3,M07,0.02251212687834138,0.02251212687834138
TYK2,M04,0.022699321534856744,-0.022699321534856744
FNBP4,M04,0.02681154737783085,-0.02681154737783085
CFP,M02,0.018042924379027808,0.018042924379027808
CAMLG,M01,0.02172518142107196,0.02172518142107196
RNASET2,M04,0.02070566661521297,-0.02070566661521297
PTGER2,M05,0.024380902464330226,0.024380902464330226
TSTA3,M04,0.03132722102278534,0.03132722102278534
PSIP1,M01,0.02283273935932294,0.02283273935932294
PPP1R2,M01,0.024299294372851308,0.024299294372851308
MKNK2,M01,0.022549193754604343,-0.022549193754604343
RXRA,M04,0.021144779445797738,-0.021144779445797738
FAR1,M07,0.036462583842411043,-0.036462583842411043
HNRNPH3,M03,0.02204850941682755,0.02204850941682755
THOC7,M01,0.022392840349140936,0.022392840349140936
LPIN1,M05,0.021969264288775246,0.021969264288775246
PNP,M04,0.03160113356196596,0.03160113356196596
RPL13AP3,M02,0.022376261436488746,-0.022376261436488746
GPAT3,M02,0.027133753654038327,0.027133753654038327
VPS4B,M01,0.020156712816321764,0.020156712816321764
PNISR,M01,0.02225726939819449,0.02225726939819449
SPTAN1,M03,0.02161301903542572,0.02161301903542572
SND1,M05,0.01819083120111223,0.01819083120111223
PSD4,M04,0.02242044350529229,-0.02242044350529229
SLMAP,M01,0.023971678940551838,0.023971678940551838
TLE3,M01,0.020872568364766933,-0.020872568364766933
EML4,M01,0.021248020636754513,0.021248020636754513
METTL5,M07,0.03419214752357287,0.03419214752357287
SLC44A2,M02,0.020778593250575413,0.020778593250575413
CISD1,M01,0.01996809553785316,0.01996809553785316
PSMC5,M03,0.04188803125679754,0.04188803125679754
ELF1,M01,0.01876549594611087,0.01876549594611087
MED16,M01,0.020469808131838726,-0.020469808131838726
ATG2A,M01,0.01816870138989264,-0.01816870138989264
TST,M01,0.016803720054929187,-0.016803720054929187
C11orf1,M04,0.020853172888775647,0.020853172888775647
HIST2H2BE,M02,0.024660191683496632,0.024660191683496632
NOV,M02,0.02421717042775514,0.02421717042775514
GLMP,M06,0.023794420873091988,0.023794420873091988
GLO1,M02,0.02281158886946269,-0.02281158886946269
BTG1,M04,0.023827908163997654,-0.023827908163997654
ITM2C,M08,0.028785382764286528,-0.028785382764286528
FLOT2,M04,0.02084800141256561,-0.02084800141256561
IRF9,M06,0.02936335565540385,0.02936335565540385
ZFP36L2,M05,0.028751726163999847,0.028751726163999847
TOP2B,M01,0.01916650067014424,0.01916650067014424
ROPN1B,M04,0.034519605421978385,0.034519605421978385
DDX1,M01,0.023421508762194444,0.023421508762194444
PARP10,M07,0.03125206756806079,-0.03125206756806079
HIST1H1C,M02,0.022941564321030818,0.022941564321030818
JAML,M03,0.024868751410607376,-0.024868751410607376
DPYSL2,M06,0.046775413615226705,0.046775413615226705
GNA13,M01,0.022145995157577744,0.022145995157577744
TSEN34,M02,0.024549824567977892,0.024549824567977892
C19orf38,M03,0.0345336861963684,-0.0345336861963684
PHKA2,M06,0.027489859384621715,-0.027489859384621715
GZMM,M08,0.059732440974617954,0.059732440974617954
MARCH8,M04,0.03274409223433223,0.03274409223433223
PECAM1,M02,0.023795808410897866,0.023795808410897866
HACD2,M03,0.022949988272965776,0.022949988272965776
RNF149,M02,0.03303341102588196,0.03303341102588196
ZBTB40,M03,0.03769399645407084,0.03769399645407084
KHDRBS1,M05,0.025993221285872326,0.025993221285872326
NUP214,M05,0.031439040244595914,-0.031439040244595914
CNNM3,M01,0.021132789179206586,-0.021132789179206586
NUCB1,M05,0.021840616783138745,0.021840616783138745
PDSS2,M04,0.02797869420848209,0.02797869420848209
CARHSP1,M04,0.02797361097578564,0.02797361097578564
JAM3,M08,0.023737634682869754,-0.023737634682869754
CD5,M06,0.025300374261744477,-0.025300374261744477
ARL8B,M01,0.021950468777682235,0.021950468777682235
PLAC8,M06,0.026729692020795674,0.026729692020795674
PLAUR,M02,0.020577576660137223,0.020577576660137223
EEF1B2,M05,0.021790618090335768,-0.021790618090335768
ESYT1,M03,0.02702207237063906,0.02702207237063906
F8A1,M05,0.022289927071822122,0.022289927071822122
CST3,M06,0.04842292773406009,0.04842292773406009
SPIB,M08,0.024624602884112744,-0.024624602884112744
ZNF653,M04,0.03125327343955455,0.03125327343955455
PNN,M03,0.023181975445582082,0.023181975445582082
CD27,M03,0.03413775841418692,0.03413775841418692
ATP6V0E2,M06,0.026803313275057424,-0.026803313275057424
FEM1A,M05,0.024049128560281265,0.024049128560281265
MPO,M07,0.017727567001795747,-0.017727567001795747
TMEM183B,M05,0.03432827075694053,0.03432827075694053
UBE2N,M01,0.025542534113563175,0.025542534113563175
ZNF746,M04,0.023350271789510622,-0.023350271789510622
CHMP1B,M03,0.027316144012830303,-0.027316144012830303
ADRB2,M08,0.050763920288210876,0.050763920288210876
SLC12A9,M07,0.02269201987497462,-0.02269201987497462
SH2D1A,M01,0.023765676553435054,0.023765676553435054
VCPIP1,M01,0.024357323501286072,0.024357323501286072
ACTG1,M07,0.030587876984100336,0.030587876984100336
MKLN1,M01,0.021657560119052656,0.021657560119052656
ANGEL2,M01,0.02401017794195034,0.02401017794195034
KLHL24,M03,0.025633740851663443,0.025633740851663443
UBA7,M07,0.028606992637311306,-0.028606992637311306
PHIP,M03,0.02723753866225815,0.02723753866225815
FASN,M05,0.03218715276648079,0.03218715276648079
LTB,M08,0.04889963666649802,-0.04889963666649802
SET,M01,0.022736962023507255,0.022736962023507255
VIPR1,M08,0.025235975274387347,-0.025235975274387347
ZDHHC17,M01,0.023905966462906398,0.023905966462906398
LRRC25,M01,0.015380652361852364,-0.015380652361852364
CMTM8,M06,0.03543617450062157,-0.03543617450062157
S1PR1,M05,0.02535734086246542,0.02535734086246542
SIRPA,M02,0.030976882100575025,0.030976882100575025
UBL7,M04,0.026952520643061736,0.026952520643061736
STX10,M03,0.02577990879527184,-0.02577990879527184
DGKQ,M08,0.033271493444848234,0.033271493444848234
SNRPF,M02,0.022320049516719353,-0.022320049516719353
ZYG11B,M06,0.024749392311101848,-0.024749392311101848
GBGT1,M04,0.022264752360415155,0.022264752360415155
UBALD1,M04,0.02374375787204875,0.02374375787204875
MTF1,M01,0.021315319566209842,-0.021315319566209842
PGRMC1,M03,0.024487506515189862,-0.024487506515189862
HMBS,M04,0.03546617442353236,0.03546617442353236
HCK,M02,0.024469821225417906,0.024469821225417906
TMEM205,M07,0.02920860332049816,-0.02920860332049816
KIAA1147,M08,0.024315004282098755,-0.024315004282098755
PARP1,M03,0.028331549367920796,0.028331549367920796
MT1E,M08,0.028374808955347056,0.028374808955347056
RPS6KB1,M01,0.026145527802637247,0.026145527802637247
DUSP3,M07,0.03882697115107189,-0.03882697115107189
NIFK,M01,0.024904980489901717,0.024904980489901717
TREML2,M02,0.017964313643290843,0.017964313643290843
AGAP6,M06,0.02917397011206729,-0.02917397011206729
GUSBP2,M02,0.019219448325121836,-0.019219448325121836
PCID2,M02,0.022871493800125816,-0.022871493800125816
C4orf3,M05,0.028414447307901096,-0.028414447307901096
REM2,M07,0.02483006455044295,-0.02483006455044295
CYP4F3,M02,0.02818963410987752,0.02818963410987752
FRAT1,M02,0.02616070840284061,0.02616070840284061
MAP2K3,M05,0.03598721918678052,0.03598721918678052
PNPLA7,M08,0.028935308046170526,-0.028935308046170526
PEBP1,M03,0.038743658694876004,0.038743658694876004
SSBP1,M07,0.02018503272084297,0.02018503272084297
IAH1,M01,0.019853163789063696,0.019853163789063696
GNG2,M08,0.023336737961405327,0.023336737961405327
NCR3,M08,0.03761947752678411,0.03761947752678411
PTGS2,M02,0.020705779259199822,0.020705779259199822
WASH1,M07,0.030106665689940033,-0.030106665689940033
PAN3,M03,0.022795203210304236,-0.022795203210304236
TM6SF1,M03,0.026597768945464676,-0.026597768945464676
PITPNM2,M05,0.01686991913445277,-0.01686991913445277
SIGLEC5,M02,0.01723737463647712,0.01723737463647712
LEPROT,M07,0.029035069466842568,-0.029035069466842568
WDR26,M05,0.03201277348576685,0.03201277348576685
PASK,M08,0.027862177710963745,-0.027862177710963745
MAN2B2,M03,0.0312479334419396,0.0312479334419396
DNLZ,M02,0.018772828321834426,-0.018772828321834426
SRP9,M01,0.026373622646856134,0.026373622646856134
ZRANB2,M01,0.024052132613395866,0.024052132613395866
BEX2,M07,0.028472960462284133,0.028472960462284133
TMEM204,M06,0.028344326541790633,-0.028344326541790633
C8orf34,M04,0.020932835107396092,0.020932835107396092
DHX15,M01,0.023765712880283042,0.023765712880283042
RPL3,M03,0.03138081788699886,0.03138081788699886
CNST,M06,0.03271313894114395,-0.03271313894114395
PCDHB19P,M05,0.026365158067701268,-0.026365158067701268
MANSC1,M02,0.027951508449285956,0.027951508449285956
PPP3CB,M03,0.023278014728583814,-0.023278014728583814
GNG10,M02,0.020838166029988156,0.020838166029988156
HIGD1A,M01,0.02595757412453462,0.02595757412453462
PELI2,M03,0.02787356652858522,-0.02787356652858522
ADA,M02,0.028032909930273398,-0.028032909930273398
GPR137,M01,0.02373303674336328,-0.02373303674336328
H3F3B,M07,0.019356752573649334,0.019356752573649334
ZCCHC7,M01,0.024782459670733732,0.024782459670733732
EML3,M01,0.020325381010680058,-0.020325381010680058
ANXA2P1,M03,0.036056459028984925,0.036056459028984925
GNAI3,M01,0.02037156603054524,0.02037156603054524
VPS9D1,M07,0.04054834678897168,-0.04054834678897168
MRPL33,M05,0.020691592889193804,-0.020691592889193804
INPPL1,M01,0.023856353732486076,-0.023856353732486076
NUAK2,M02,0.018259912529624972,0.018259912529624972
DNMT1,M05,0.026288835809502725,0.026288835809502725
GIMAP4,M03,0.020889000332816647,-0.020889000332816647
CYB561A3,M08,0.035081685056031674,-0.035081685056031674
PLA2G16,M08,0.030559523042933183,0.030559523042933183
CD74,M06,0.03999396875119876,0.03999396875119876
DENND2D,M02,0.02406975318582962,-0.02406975318582962
COQ5,M01,0.02146351251743313,0.02146351251743313
SRSF2,M05,0.03126870425962879,0.03126870425962879
CDKN1B,M05,0.020810249819021222,0.020810249819021222
FCN1,M06,0.047769815870245244,0.047769815870245244
NCALD,M08,0.06071544874656619,0.06071544874656619
F5,M02,0.019525052376244863,0.019525052376244863
LRRFIP1,M05,0.039001908678735674,-0.039001908678735674
SYT11,M08,0.054738686634263845,0.054738686634263845
ATP5L,M04,0.02957604499857125,0.02957604499857125
UBE2F,M04,0.03721892188093681,0.03721892188093681
RHOG,M01,0.021281429776877837,-0.021281429776877837
ETFA,M03,0.01985849850436435,-0.01985849850436435
HLA-DMB,M06,0.0352879864253623,0.0352879864253623
SHTN1,M06,0.03233786761007708,0.03233786761007708
LAMP2,M02,0.03174100044145351,0.03174100044145351
LYPD2,M06,0.011252235291428067,0.011252235291428067
WAS,M04,0.023720461498505627,-0.023720461498505627
NARF,M03,0.02669822381190269,-0.02669822381190269
KLRD1,M08,0.07308526675621671,0.07308526675621671
MMP25,M02,0.025460346240776824,0.025460346240776824
CDC42SE2,M01,0.020304640867294114,0.020304640867294114
INAFM1,M01,0.022216586953698714,-0.022216586953698714
ATP5I,M07,0.02786156012713906,0.02786156012713906
NSMCE4A,M01,0.024952284878096108,0.024952284878096108
ZFP36L1,M03,0.028733623005247462,0.028733623005247462
DEDD2,M02,0.02341346831277087,0.02341346831277087
EIF3A,M03,0.03291408655976912,0.03291408655976912
RBP7,M05,0.02555933061919408,-0.02555933061919408
TYW1,M04,0.030838547022659965,0.030838547022659965
GPR65,M01,0.022908573768905583,0.022908573768905583
LAMTOR4,M05,0.037339357816887686,-0.037339357816887686
SUB1,M01,0.02433124742744919,0.02433124742744919
WDR74,M05,0.039741602992721066,-0.039741602992721066
BRI3,M03,0.02308498614807232,-0.02308498614807232
GOLPH3,M01,0.018745135681217016,0.018745135681217016
PHLDB1,M04,0.03332926981378628,0.03332926981378628
MAGEL2,M04,0.02886210477260831,0.02886210477260831
SPATA20,M07,0.014041367263904142,-0.014041367263904142
P2RY8,M02,0.027200389596911245,-0.027200389596911245
ARHGDIA,M03,0.0306818682588847,0.0306818682588847
ANXA2R,M06,0.03364160261630813,-0.03364160261630813
CYTH4,M04,0.019511126128319383,-0.019511126128319383
TRIM56,M03,0.03241565428904328,0.03241565428904328
CCDC14,M01,0.025254138265258224,0.025254138265258224
IL6R,M07,0.03413392226658432,0.03413392226658432
LY86,M08,0.02973179453827141,-0.02973179453827141
EVI2A,M01,0.02463603016745025,0.02463603016745025
DENND5A,M04,0.026740795260186488,-0.026740795260186488
MSN,M07,0.03076639674084829,0.03076639674084829
PTPN12,M02,0.02494599098052583,0.02494599098052583
YIPF3,M02,0.025229168168781048,0.025229168168781048
TMEM167B,M01,0.02164356276576108,0.02164356276576108
MYO9B,M05,0.02562081576126008,-0.02562081576126008
TBK1,M01,0.02473351672157986,0.02473351672157986
SLC15A4,M04,0.026291947093548432,-0.026291947093548432
ZMIZ1,M07,0.026594079318764334,0.026594079318764334
ARL14EP,M01,0.02195817826916176,0.02195817826916176
RNF144B,M03,0.033222699838085436,-0.033222699838085436
TMEM14C,M01,0.02125235615322061,0.02125235615322061
KLHDC2,M03,0.022695816573834498,0.022695816573834498
FCGRT,M01,0.01915091191582172,-0.01915091191582172
ARHGAP9,M02,0.026722521443039177,0.026722521443039177
PLCG2,M04,0.027174060659473226,-0.027174060659473226
ORMDL3,M04,0.030210826613122965,0.030210826613122965
EMG1,M05,0.021714724374356432,-0.021714724374356432
PITPNM1,M01,0.019076465917997474,-0.019076465917997474
CAMK1,M06,0.03991829913554634,0.03991829913554634
IRF1,M04,0.02551857452528293,-0.02551857452528293
MICALCL,M05,0.02747458828631678,0.02747458828631678
XBP1,M08,0.02755404260053848,0.02755404260053848
IMMT,M03,0.04111961758763329,0.04111961758763329
C2orf88,M04,0.026773398974990353,0.026773398974990353
GDE1,M04,0.024370124953816675,0.024370124953816675
GLIPR1,M05,0.02280742353182726,-0.02280742353182726
CA2,M05,0.031350701109749204,0.031350701109749204
DPYD,M02,0.02378652228498642,0.02378652228498642
PUM2,M03,0.022333827892972984,-0.022333827892972984
FAM107B,M06,0.021632765499580854,-0.021632765499580854
FRG1,M03,0.027099253407848654,0.027099253407848654
PNPLA6,M01,0.01992669735824829,-0.01992669735824829
THBS1,M07,0.01817973670455007,-0.01817973670455007
MCTP2,M03,0.02194390130437307,-0.02194390130437307
SERPINB1,M06,0.025603826020103783,0.025603826020103783
RPL26L1,M07,0.026924887114878504,0.026924887114878504
ASGR2,M06,0.04136387661234697,0.04136387661234697
DARS,M02,0.02608505901391674,-0.02608505901391674
CCND2,M05,0.02716166115186563,0.02716166115186563
PPP4R3B,M01,0.023149955304737565,0.023149955304737565
VPS28,M04,0.020609110397699137,0.020609110397699137
MT1X,M02,0.0243949263492281,-0.0243949263492281
GDPD5,M08,0.029680189165199995,0.029680189165199995
TRIM4,M01,0.01670204467884048,0.01670204467884048
BIRC2,M07,0.027735757513426263,-0.027735757513426263
PACSIN2,M02,0.02396268780328554,0.02396268780328554
SUPT5H,M01,0.021368092125661202,-0.021368092125661202
GBA,M01,0.02333602304457458,-0.02333602304457458
RFTN1,M03,0.028751614977878943,0.028751614977878943
KRTCAP2,M02,0.032870222399130795,-0.032870222399130795
MAP1S,M01,0.02423163687376711,-0.02423163687376711
PGRMC2,M03,0.028561251998506943,0.028561251998506943
ENO1,M06,0.02399003180182482,0.02399003180182482
LST1,M05,0.02620473854080662,-0.02620473854080662
RRP12,M01,0.017706173693000215,-0.017706173693000215
MYLIP,M02,0.019762579539771955,0.019762579539771955
FBL,M02,0.028496342474906247,-0.028496342474906247
SLC30A3,M04,0.019268945430192665,0.019268945430192665
FEM1C,M07,0.031160917322853768,-0.031160917322853768
GALC,M01,0.02100747739911762,0.02100747739911762
NDUFA12,M02,0.0232390371775275,-0.0232390371775275
SF3A2,M01,0.020925391855294944,-0.020925391855294944
LYN,M04,0.024595006811305123,-0.024595006811305123
ATG9A,M04,0.02274464871118875,0.02274464871118875
CLK1,M01,0.02304985229589853,0.02304985229589853
ALDH2,M06,0.04387237546961716,0.04387237546961716
MAP2K2,M01,0.021303230867916554,-0.021303230867916554
IFIH1,M06,0.03253723062900952,0.03253723062900952
ATP6AP1,M01,0.02247410946184943,-0.02247410946184943
S100A6,M06,0.023352664823110082,0.023352664823110082
ZNF91,M03,0.031873729153744416,0.031873729153744416
CDKN1C,M06,0.03476362729170501,0.03476362729170501
OLIG2,M06,0.015220984742908224,0.015220984742908224
TAF7,M01,0.022390683527131614,0.022390683527131614
ID3,M08,0.05390572087939147,-0.05390572087939147
NCSTN,M04,0.028791353438845844,-0.028791353438845844
CD1D,M06,0.032431859988903494,0.032431859988903494
PLEKHO2,M05,0.022090425407673284,-0.022090425407673284
ARHGAP1,M01,0.021527214891676083,-0.021527214891676083
PRR5L,M08,0.05560681959477656,0.05560681959477656
TMEM183A,M05,0.03576703820815719,0.03576703820815719
RNF19B,M07,0.02564946844728728,0.02564946844728728
EMILIN2,M06,0.03907552362100101,0.03907552362100101
CUL5,M01,0.0237074376871969,0.0237074376871969
MGST3,M02,0.020443902606664788,-0.020443902606664788
RNF40,M01,0.023831852520086308,-0.023831852520086308
C17orf62,M07,0.02350874157774762,-0.02350874157774762
APOBEC3G,M08,0.043213700618253185,0.043213700618253185
NAT8B,M04,0.015022865394635394,0.015022865394635394
TNFAIP2,M05,0.02553355822515672,-0.02553355822515672
CHD4,M01,0.022469105223761655,-0.022469105223761655
GMIP,M01,0.022739933458001176,-0.022739933458001176
EVI5,M05,0.035796232516117944,-0.035796232516117944
MICAL1,M01,0.02195284545105636,-0.02195284545105636
POLB,M05,0.02189173321985788,-0.02189173321985788
HERC6,M07,0.028539183249846667,-0.028539183249846667
IVNS1ABP,M02,0.024122103184796087,0.024122103184796087
SUSD6,M02,0.024331120283044207,0.024331120283044207
PPIG,M07,0.02805019333605406,0.02805019333605406
RALBP1,M02,0.02553253685839748,0.02553253685839748
LARP7,M07,0.027627055918435863,0.027627055918435863
KIR2DS5,M08,0.032862521760224285,0.032862521760224285
TRIM21,M06,0.02235554919640924,0.02235554919640924
EIF4B,M02,0.027367149802977428,-0.027367149802977428
SRP19,M05,0.020760135731838367,-0.020760135731838367
ERLEC1,M01,0.024293245750215072,0.024293245750215072
CNDP2,M06,0.03390742336806189,0.03390742336806189
EHD1,M01,0.02096421536564288,-0.02096421536564288
DDX18,M02,0.019616836205914277,-0.019616836205914277
MTSS1,M01,0.017995794905962145,0.017995794905962145
SYK,M08,0.022837798500316198,-0.022837798500316198
SNRPB2,M07,0.022264059881990615,0.022264059881990615
MAN2B1,M01,0.020917505517248233,-0.020917505517248233
USO1,M01,0.024125234464362866,0.024125234464362866
SGK223,M08,0.04403140752744683,-0.04403140752744683
GNS,M04,0.027069892387595218,-0.027069892387595218
PPP1R11,M04,0.02582043058335584,-0.02582043058335584
PIGB,M03,0.024382612939942344,-0.024382612939942344
HLX,M02,0.024109296523767015,0.024109296523767015
C7orf43,M06,0.025122650068050006,-0.025122650068050006
SLC19A1,M05,0.02550220931970869,-0.02550220931970869
ALDOC,M01,0.018808298275558695,-0.018808298275558695
PLXNC1,M02,0.02920165727159944,0.02920165727159944
UTP6,M03,0.02504227994329255,0.02504227994329255
CBS,M02,0.012875807660933205,0.012875807660933205
ATIC,M02,0.02532092913434079,-0.02532092913434079
SNX27,M04,0.02681871777972674,-0.02681871777972674
CBFB,M01,0.02317973718012322,0.02317973718012322
DHRS7,M02,0.026528253283989296,0.026528253283989296
KPNA6,M01,0.021828846391283786,-0.021828846391283786
VPS37C,M04,0.025219932081209092,-0.025219932081209092
SYTL3,M08,0.047958450047948215,0.047958450047948215
MRPS31,M01,0.024158542133418632,0.024158542133418632
CDK11A,M01,0.021601514323281872,-0.021601514323281872
UBR4,M01,0.023248120153352456,-0.023248120153352456
STK39,M08,0.02118370604669673,0.02118370604669673
DHX34,M06,0.022848829571676575,-0.022848829571676575
SGSM2,M06,0.027443392817279165,-0.027443392817279165
DOCK10,M05,0.022793182520617614,0.022793182520617614
DIAPH1,M07,0.035824064893803687,0.035824064893803687
GTF2F2,M01,0.02435239331678278,0.02435239331678278
TFAM,M01,0.02214798381001584,0.02214798381001584
UBB,M05,0.03970575403030629,0.03970575403030629
CBLB,M08,0.03224593236495751,0.03224593236495751
FBP1,M06,0.037202120414798756,0.037202120414798756
DPY30,M01,0.021813982891111944,0.021813982891111944
FGD3,M04,0.0251642097364947,-0.0251642097364947
PTDSS1,M02,0.02659842890031052,-0.02659842890031052
LGALS9,M06,0.042412125574233225,0.042412125574233225
TMED10,M01,0.02190032086616134,0.02190032086616134
RAB32,M03,0.03188903704531164,-0.03188903704531164
LTBR,M06,0.02680017559384887,0.02680017559384887
PPDPF,M04,0.02370293468109665,0.02370293468109665
UBE4A,M03,0.02789459823037021,0.02789459823037021
SAMD3,M08,0.05522302533347993,0.05522302533347993
SSR4,M02,0.030442346246084065,-0.030442346246084065
BTG2,M03,0.026156145691099295,-0.026156145691099295
YIPF6,M07,0.031011490670772215,-0.031011490670772215
LAMP1,M04,0.02539397776307995,-0.02539397776307995
HIST1H3H,M03,0.016901234073066054,-0.016901234073066054
WDR54,M02,0.029744211318510762,-0.029744211318510762
ADGRG5,M08,0.05281101666757493,0.05281101666757493
CLEC1B,M04,0.018831049340630256,0.018831049340630256
CANT1,M01,0.018623584959392515,-0.018623584959392515
STK26,M01,0.021955617667140735,0.021955617667140735
RAF1,M02,0.02683031191648619,0.02683031191648619
LPXN,M04,0.02390384240790276,-0.02390384240790276
FAM46A,M07,0.046717860533593426,-0.046717860533593426
EEF1A1,M01,0.022882707879841133,0.022882707879841133
STAT5B,M06,0.03423875408131134,-0.03423875408131134
TOR1AIP1,M04,0.02281525745682485,-0.02281525745682485
NDUFB6,M03,0.029363289614448552,-0.029363289614448552
SERBP1,M01,0.02180743521379211,0.02180743521379211
TUBB4B,M01,0.021982505500049404,-0.021982505500049404
UBAP1,M05,0.02988149960941952,0.02988149960941952
OSER1,M03,0.021913736765113243,-0.021913736765113243
BDKRB1,M04,0.024718695470627817,0.024718695470627817
LRRN3,M08,0.03765142755396619,-0.03765142755396619
TMEM230,M01,0.023697633218009922,0.023697633218009922
TCF4,M08,0.03821029523320328,-0.03821029523320328
PURB,M04,0.02410475859560234,-0.02410475859560234
PRR5,M05,0.030132862431038607,0.030132862431038607
BLK,M08,0.033138152669956414,-0.033138152669956414
TNPO3,M01,0.018352016447402784,-0.018352016447402784
WBP2,M05,0.03244808998296178,0.03244808998296178
CIB1,M02,0.02659215868559878,-0.02659215868559878
PSAP,M06,0.030448499716783997,0.030448499716783997
PSMB6,M02,0.026207886827470966,-0.026207886827470966
KIR2DL4,M08,0.03534829690351772,0.03534829690351772
CHST7,M04,0.02137120398127291,-0.02137120398127291
PDLIM1,M07,0.021698696115496935,0.021698696115496935
UBLCP1,M03,0.020164115994603406,0.020164115994603406
GPR18,M02,0.02151005476461468,-0.02151005476461468
NUP88,M01,0.02270633833403184,0.02270633833403184
SLC45A4,M06,0.026446445908870065,-0.026446445908870065
FAM89B,M01,0.019427211322899308,-0.019427211322899308
CDK5RAP3,M01,0.018670400389458237,-0.018670400389458237
TBC1D22B,M04,0.027521490268829628,0.027521490268829628
AARS,M02,0.024749978642537973,-0.024749978642537973
FBXO11,M01,0.022440974935009777,0.022440974935009777
C14orf159,M04,0.022079091302453765,-0.022079091302453765
RAB40C,M04,0.027150889652046234,-0.027150889652046234
CAPN1,M01,0.02045814287209451,-0.02045814287209451
MMADHC,M01,0.022384269083390383,0.022384269083390383
CHIC2,M03,0.03250788053428709,-0.03250788053428709
BRD3,M07,0.02241366494078816,0.02241366494078816
DENND1C,M01,0.025132415501230222,-0.025132415501230222
HSP90AB1,M08,0.02601282645359035,-0.02601282645359035
HAVCR2,M06,0.03311468512607959,0.03311468512607959
RGPD1,M08,0.018161874168021334,-0.018161874168021334
KAT6A,M06,0.024236798614184055,-0.024236798614184055
GHITM,M03,0.021406182739346618,-0.021406182739346618
CEACAM1,M06,0.024385458675515326,0.024385458675515326
HCAR2,M02,0.019538876263058894,0.019538876263058894
TRAPPC8,M06,0.02630315998937528,-0.02630315998937528
IL18,M03,0.03931958885927073,0.03931958885927073
TMC6,M03,0.023836001625749222,0.023836001625749222
RHBDD2,M01,0.02237186641859797,-0.02237186641859797
API5,M01,0.023093746788307227,0.023093746788307227
NR1D1,M04,0.032171613107930735,0.032171613107930735
CORO1C,M02,0.026633570912540632,0.026633570912540632
PRDX3,M03,0.019884612260700138,-0.019884612260700138
ICAM2,M02,0.031939671853433195,-0.031939671853433195
HDAC4,M03,0.025979538867442604,0.025979538867442604
CLPTM1,M01,0.024314891245659564,-0.024314891245659564
CEBPA,M06,0.027425059730405415,0.027425059730405415
NCOA7,M07,0.028703167113562435,-0.028703167113562435
SH3BP1,M01,0.01895089065385674,-0.01895089065385674
SLA,M02,0.03217393386868816,0.03217393386868816
MYL12A,M07,0.02818678609647302,0.02818678609647302
NPC2,M06,0.03853943519742219,0.03853943519742219
SORT1,M06,0.03319828696742766,0.03319828696742766
FH,M03,0.03584365247831584,0.03584365247831584
TMEM55A,M06,0.021331626952340834,-0.021331626952340834
ACTR10,M01,0.022510212322831676,0.022510212322831676
IGFBP7,M08,0.03209679628060752,0.03209679628060752
KMT2B,M01,0.025025901685961242,-0.025025901685961242
ECH1,M02,0.027769569329049018,-0.027769569329049018
LRCH4,M01,0.02220370350159135,-0.02220370350159135
CAPNS1,M06,0.031880723394883806,0.031880723394883806
BTK,M06,0.03065793612658601,0.03065793612658601
CLDN5,M01,0.01653041380462498,-0.01653041380462498
DNAJB2,M04,0.02924778799263518,0.02924778799263518
NQO2,M02,0.016133193812251218,0.016133193812251218
CTBS,M02,0.031232088326608506,0.031232088326608506
ACP1,M05,0.029991056939627066,0.029991056939627066
STARD10,M05,0.022843421324239516,-0.022843421324239516
HEXB,M06,0.02152406227666049,0.02152406227666049
GLG1,M03,0.023876324466506192,0.023876324466506192
GSN,M01,0.019065623254203176,-0.019065623254203176
WLS,M02,0.01979122764400793,0.01979122764400793
SMNDC1,M02,0.020441884199186015,0.020441884199186015
TMED10P1,M03,0.020576546064085727,0.020576546064085727
SEC16A,M07,0.022585861374371633,0.022585861374371633
TMEM43,M04,0.03142078481759505,-0.03142078481759505
CABIN1,M06,0.02440542071409448,-0.02440542071409448
SHISA5,M06,0.027063010889385786,0.027063010889385786
PRKCQ-AS1,M03,0.02639449413699063,0.02639449413699063
ELL,M02,0.025597536592561,0.025597536592561
HCG4,M03,0.01407751802680166,-0.01407751802680166
STOM,M08,0.04179651097110546,0.04179651097110546
MARCKSL1,M07,0.03146478872136696,0.03146478872136696
SFT2D1,M03,0.029662835103692598,-0.029662835103692598
ZSWIM8,M01,0.023612642146160136,-0.023612642146160136
RPS3,M02,0.03177174695809481,-0.03177174695809481
VPS37B,M01,0.02080787409915111,-0.02080787409915111
NFIL3,M02,0.032235148485226246,0.032235148485226246
MXD4,M08,0.026174068262607632,0.026174068262607632
SHCBP1,M03,0.031672623320531765,0.031672623320531765
RGS10,M04,0.04150364224788703,0.04150364224788703
SLC30A7,M07,0.043297459179391755,-0.043297459179391755
FOPNL,M01,0.02340483968285912,0.02340483968285912
RPS21,M05,0.020543399927005154,-0.020543399927005154
HLA-F,M08,0.028134335291128947,0.028134335291128947
KDM6B,M01,0.01925737231351643,-0.01925737231351643
UBTD1,M03,0.023568375231137625,-0.023568375231137625
ARHGEF18,M04,0.03234357048237585,-0.03234357048237585
LINC00999,M01,0.01912673158418094,-0.01912673158418094
PLRG1,M01,0.024164098051434137,0.024164098051434137
JUNB,M03,0.02158546219655857,-0.02158546219655857
FAM65A,M08,0.026134195040873137,-0.026134195040873137
RPA2,M01,0.01795427105387558,0.01795427105387558
VASH1,M01,0.013585979840339157,-0.013585979840339157
PFKFB3,M03,0.0239599445637064,-0.0239599445637064
ETS2,M03,0.03395496241403668,-0.03395496241403668
RNF114,M03,0.02953896237350976,0.02953896237350976
NFXL1,M01,0.01381100367094747,0.01381100367094747
PYGB,M03,0.020158705154812405,0.020158705154812405
REXO2,M05,0.028562104492486782,0.028562104492486782
MANF,M02,0.02052240835924842,-0.02052240835924842
BCKDK,M01,0.020545828825651473,-0.020545828825651473
CDC40,M01,0.023899782807108548,0.023899782807108548
CNN2,M07,0.04538857604793572,0.04538857604793572
SLC11A1,M02,0.01811620051484084,0.01811620051484084
COPS4,M01,0.02434426647681292,0.02434426647681292
LDHA,M01,0.01793037981797815,0.01793037981797815
ARHGAP45,M05,0.020631285067970073,-0.020631285067970073
EBLN2,M07,0.027990939806847283,-0.027990939806847283
ARHGEF40,M01,0.016316741105739985,-0.016316741105739985
TBC1D14,M06,0.025673586325993328,-0.025673586325993328
PLGRKT,M03,0.020394966424232695,-0.020394966424232695
S100A10,M06,0.03948642861155538,0.03948642861155538
TRAF3IP3,M02,0.029237648727219876,-0.029237648727219876
KLF6,M04,0.0319427152274379,-0.0319427152274379
NAGK,M06,0.041144534775708196,0.041144534775708196
MLF2,M07,0.029648493491697032,0.029648493491697032
PAK1,M03,0.023765529370204624,-0.023765529370204624
CETN2,M07,0.03546594945119684,0.03546594945119684
GNA15,M06,0.032991686533166184,0.032991686533166184
TMED7,M01,0.02158660883364,0.02158660883364
ZC3H15,M01,0.02316963738885958,0.02316963738885958
RIOK2,M07,0.02316785828143651,0.02316785828143651
CNTNAP2,M08,0.037300792903092794,-0.037300792903092794
NCF1B,M05,0.022983386197415124,-0.022983386197415124
LDLRAP1,M08,0.03293299423828694,-0.03293299423828694
ARHGAP4,M07,0.02639844171804327,-0.02639844171804327
BST2,M06,0.04159618214250988,0.04159618214250988
ZNF324,M06,0.029820588409266408,-0.029820588409266408
COLGALT1,M01,0.020818696506237955,-0.020818696506237955
HHEX,M02,0.023936445897166127,0.023936445897166127
TMEM258,M02,0.02294370977985467,-0.02294370977985467
OAS2,M06,0.0439019498425922,0.0439019498425922
CCDC88B,M05,0.01940350211515627,-0.01940350211515627
PSME4,M04,0.0302432041923749,0.0302432041923749
CXXC1,M02,0.022645571656298335,-0.022645571656298335
GSPT1,M05,0.04181885740782565,0.04181885740782565
SF3B3,M02,0.023243992879502864,-0.023243992879502864
MGST2,M06,0.029773602640747333,0.029773602640747333
ARID5B,M06,0.02059081219565201,-0.02059081219565201
HCP5,M04,0.024192110564655353,-0.024192110564655353
SEL1L3,M08,0.02037901206118074,-0.02037901206118074
TUBA1A,M02,0.023367165664648436,0.023367165664648436
ATP5J2,M04,0.02920445365873853,0.02920445365873853
ZNF816,M01,0.02504175646615808,0.02504175646615808
RNF31,M05,0.021726345588679773,-0.021726345588679773
DPEP3,M06,0.02446696224709439,-0.02446696224709439
DHX58,M06,0.03150383525447185,0.03150383525447185
DAPK2,M03,0.021413443981588412,-0.021413443981588412
GPCPD1,M01,0.019865259676052745,0.019865259676052745
TUBA1C,M05,0.02480140639084542,0.02480140639084542
TRPC4AP,M01,0.01699469259492946,-0.01699469259492946
SAR1A,M03,0.027141037390021293,0.027141037390021293
MNT,M01,0.021908271354362296,-0.021908271354362296
USP38,M01,0.021793283227918292,0.021793283227918292
MTMR11,M06,0.03582891103558965,0.03582891103558965
TMEM173,M02,0.022095215384606577,-0.022095215384606577
DNTTIP1,M02,0.031178735617709334,0.031178735617709334
DHRS1,M05,0.0164342439134599,0.0164342439134599
VEZF1,M03,0.020914545288660213,-0.020914545288660213
UBE2J1,M07,0.02802567239179372,-0.02802567239179372
JADE2,M02,0.028082663152293606,-0.028082663152293606
LOC105369266,M04,0.024123588236953777,0.024123588236953777
COX6A1,M05,0.03171331997667198,-0.03171331997667198
PGAM1,M07,0.03484353704589072,0.03484353704589072
MID1IP1,M02,0.027572067541450772,0.027572067541450772
ZNF277,M01,0.024823021138930736,0.024823021138930736
GPN1,M02,0.02485315381488846,-0.02485315381488846
GLUD1,M01,0.020964107776105145,0.020964107776105145
MAGOH,M07,0.04049353898707457,0.04049353898707457
HCLS1,M04,0.02674145618099322,-0.02674145618099322
TMX4,M02,0.028964200084390452,0.028964200084390452
TRIM38,M07,0.02306241590822419,-0.02306241590822419
ELF4,M01,0.023410415459541593,-0.023410415459541593
SCPEP1,M06,0.04071818432187809,0.04071818432187809
C16orf72,M03,0.023287203334665156,-0.023287203334665156
DTWD2,M03,0.036969466344883635,0.036969466344883635
PIEZO1,M02,0.020146068896394108,-0.020146068896394108
KTN1,M01,0.023179244533011675,0.023179244533011675
CSK,M04,0.019323940428037683,-0.019323940428037683
MRPL36,M05,0.025338191973689722,-0.025338191973689722
LOC399886,M04,0.027780908091821786,0.027780908091821786
TOMM20,M01,0.022840616520690776,0.022840616520690776
NSMAF,M03,0.022911646496055114,-0.022911646496055114
FEZ2,M03,0.020988846000320485,-0.020988846000320485
CHST12,M08,0.050406213827734025,0.050406213827734025
UHMK1,M07,0.025801014394729458,-0.025801014394729458
GTF2IP1,M07,0.027687953751954146,0.027687953751954146
MYD88,M03,0.030964231635369675,-0.030964231635369675
CD96,M02,0.028236542411633838,-0.028236542411633838
RSRP1,M04,0.025067056938196827,-0.025067056938196827
NDST1,M01,0.01617345868852584,-0.01617345868852584
FLII,M01,0.02273087800218042,-0.02273087800218042
TBC1D15,M01,0.02424861549186009,0.02424861549186009
GABARAPL1,M07,0.03772152455199436,0.03772152455199436
PABPC4,M08,0.030587011961435224,-0.030587011961435224
CRLS1,M07,0.025292575348910717,-0.025292575348910717
MTIF3,M07,0.02603734903500572,0.02603734903500572
CCDC130,M04,0.02333872281545858,-0.02333872281545858
KLHL28,M05,0.020340044646371177,-0.020340044646371177
ATP6V1B2,M04,0.026307535149654813,-0.026307535149654813
CRLF3,M04,0.023257075130464648,-0.023257075130464648
MITD1,M01,0.02547511612497975,0.02547511612497975
JMJD7-PLA2G4B,M06,0.023268746480792652,-0.023268746480792652
PSMC6,M01,0.02455746600757645,0.02455746600757645
TRPV2,M02,0.027677277193671565,-0.027677277193671565
AKIRIN2,M03,0.02485494942736189,-0.02485494942736189
DAAM2,M02,0.01661531342599665,0.01661531342599665
PLXDC2,M02,0.027640617353845497,0.027640617353845497
CMBL,M04,0.014866239828540226,0.014866239828540226
VNN1,M03,0.027312107768888805,-0.027312107768888805
PUF60,M02,0.026871937530269403,-0.026871937530269403
RP2,M03,0.0269264080455253,-0.0269264080455253
VCL,M05,0.02397230847164405,0.02397230847164405
C2orf68,M06,0.03377979346933281,-0.03377979346933281
CDC26,M07,0.0289837812729017,0.0289837812729017
FOXJ2,M01,0.023288195868722834,-0.023288195868722834
CPPED1,M02,0.026853464324313656,0.026853464324313656
ANAPC16,M03,0.03135284003166557,0.03135284003166557
PARK7,M05,0.032103553343123585,-0.032103553343123585
SULF2,M02,0.0281742719000212,0.0281742719000212
ABI3,M06,0.04445643551582743,0.04445643551582743
CD300LF,M06,0.01666363310363375,0.01666363310363375
CD33,M06,0.04900744640380995,0.04900744640380995
CEP44,M01,0.02273990017871537,0.02273990017871537
CYP4V2,M01,0.019072085383590395,0.019072085383590395
GATS,M06,0.030984731793729594,-0.030984731793729594
LAX1,M08,0.024482441131164833,0.024482441131164833
CCR3,M07,0.023911640126668913,0.023911640126668913
SH3BGRL3,M01,0.021812874174831857,-0.021812874174831857
SMAD4,M01,0.022217975192016765,0.022217975192016765
TXNDC5,M08,0.01259660822674112,-0.01259660822674112
CITED2,M03,0.03120384810067594,0.03120384810067594
ITGAX,M02,0.01815104442308336,0.01815104442308336
LPAR5,M02,0.02412537685629521,-0.02412537685629521
TMEM184B,M06,0.02020549406712567,-0.02020549406712567
DOCK2,M04,0.02786212003775054,-0.02786212003775054
ELOF1,M04,0.03270990121205868,0.03270990121205868
ANTXR2,M07,0.02930903566388978,0.02930903566388978
TMEM9B,M03,0.019224070613752052,-0.019224070613752052
RARS,M01,0.023904815559788562,0.023904815559788562
ADAP1,M07,0.023671084832149206,-0.023671084832149206
DGCR2,M01,0.019022574343934437,-0.019022574343934437
PIP5K1C,M01,0.02264854523745813,-0.02264854523745813
COQ10B,M03,0.025481592936585872,-0.025481592936585872
SP2,M01,0.02261782662700321,-0.02261782662700321
COQ8A,M07,0.029971923733381513,0.029971923733381513
PLEKHA1,M03,0.02369930609140561,0.02369930609140561
KYNU,M06,0.03598783465414049,0.03598783465414049
ITGB2,M04,0.0259552793911019,-0.0259552793911019
CCNJL,M02,0.020792611336650613,0.020792611336650613
C1orf52,M01,0.022861397849794008,0.022861397849794008
NCAPD2,M01,0.013433120874711692,-0.013433120874711692
RRM1,M02,0.023435863241618473,-0.023435863241618473
MED4,M01,0.018056324314066872,0.018056324314066872
SERTAD1,M01,0.022434063896143448,-0.022434063896143448
ZNF213,M01,0.021415794840881908,-0.021415794840881908
COX19,M05,0.037643566131802225,-0.037643566131802225
ISG20,M05,0.021223743450296963,-0.021223743450296963
RSPRY1,M02,0.02117907034732372,-0.02117907034732372
SPG11,M05,0.034109123715249746,0.034109123715249746
WDR48,M08,0.016334123298918743,0.016334123298918743
SF3B2,M07,0.029696354355945056,0.029696354355945056
F2RL1,M02,0.024653656069515438,0.024653656069515438
HDAC1,M02,0.023885187447905555,-0.023885187447905555
ADGRE5,M07,0.026147657167822892,0.026147657167822892
EIF2S3,M08,0.03686934798986712,-0.03686934798986712
WIPF1,M02,0.027666007718356263,0.027666007718356263
TMEM87A,M04,0.026080625420038316,-0.026080625420038316
MGAT1,M01,0.019740735116194206,-0.019740735116194206
CCT8,M08,0.027400421572575284,-0.027400421572575284
PLEK,M04,0.020400533316692834,-0.020400533316692834
HSBP1,M03,0.03155200648464732,-0.03155200648464732
FAM198B,M07,0.03950446572380018,-0.03950446572380018
SBF1,M04,0.021950493171669413,-0.021950493171669413
WSB1,M02,0.025005523703941632,0.025005523703941632
ESAM,M08,0.01768700489931259,-0.01768700489931259
SH3BP5L,M03,0.02113644199134463,-0.02113644199134463
IQSEC1,M04,0.019813052950998764,-0.019813052950998764
CDC42EP2,M07,0.020606284429708063,0.020606284429708063
CD24,M05,0.015611031288963365,0.015611031288963365
WDR61,M03,0.0185477627998548,-0.0185477627998548
GGNBP2,M03,0.02116359744023198,-0.02116359744023198
KLF2,M05,0.023224418210009434,0.023224418210009434
SGSH,M02,0.01821432297300484,-0.01821432297300484
HOPX,M08,0.05832433245875209,0.05832433245875209
RPL27A,M02,0.01906268837802711,-0.01906268837802711
CD68,M06,0.0484742238915722,0.0484742238915722
AK3,M06,0.018827524633664938,-0.018827524633664938
CHCHD10,M08,0.030409439415545154,-0.030409439415545154
EIF4E3,M03,0.025552614271801097,-0.025552614271801097
EIF3F,M02,0.025921302041969775,-0.025921302041969775
WDR75,M01,0.02302644638438495,0.02302644638438495
CRYZ,M01,0.02313416249832807,0.02313416249832807
CEACAM3,M05,0.034101260528752175,-0.034101260528752175
MAN2C1,M01,0.016995975921032698,-0.016995975921032698
RBCK1,M01,0.020044158611235444,-0.020044158611235444
GPS2,M04,0.023334749669568253,0.023334749669568253
MLLT6,M04,0.022677384378186893,-0.022677384378186893
POLR1D,M05,0.02884253239236608,0.02884253239236608
ZNF800,M01,0.023891215171490066,0.023891215171490066
ACBD3,M01,0.02436692556674984,0.02436692556674984
MAP3K5,M02,0.024968484326085953,0.024968484326085953
ZNF148,M06,0.02906172709662566,-0.02906172709662566
TNFRSF10C,M02,0.01864465792111541,0.01864465792111541
MZB1,M08,0.021602907515906183,-0.021602907515906183
C7orf50,M05,0.023477293604364104,-0.023477293604364104
SCARB2,M06,0.04221533852958982,0.04221533852958982
SPCS1,M02,0.019757076376840498,-0.019757076376840498
PPP6R1,M04,0.022158215471136205,0.022158215471136205
DIRC2,M03,0.02548321963409639,-0.02548321963409639
TMED2,M08,0.026035067785337915,0.026035067785337915
LYRM2,M01,0.02010756790630979,0.02010756790630979
HSDL2,M02,0.02626556066852711,0.02626556066852711
SP3,M01,0.02180409034693068,0.02180409034693068
DUSP6,M06,0.032705824608931414,0.032705824608931414
UBALD2,M02,0.01874392006838501,0.01874392006838501
LOC729603,M03,0.030540672119052162,0.030540672119052162
IL1R2,M02,0.02406129392979262,0.02406129392979262
CXXC5,M08,0.017294933419258536,-0.017294933419258536
SDAD1,M02,0.025929812206204578,-0.025929812206204578
FOXO1,M06,0.03148621355953537,-0.03148621355953537
PAFAH1B3,M02,0.025521987088059094,-0.025521987088059094
MCMDC2,M03,0.037305402747695164,0.037305402747695164
AKNA,M07,0.03055234146469065,0.03055234146469065
PARP9,M06,0.028859096741210538,0.028859096741210538
ZNF275,M02,0.022569528706368174,-0.022569528706368174
GAA,M01,0.02000739866352399,-0.02000739866352399
MYBPC3,M07,0.033716008499767386,-0.033716008499767386
HNRNPL,M05,0.02047590110264748,0.02047590110264748
ACAP1,M06,0.02147472655521901,-0.02147472655521901
BTF3,M04,0.02602387397647623,0.02602387397647623
UROS,M02,0.024407721426677208,-0.024407721426677208
ATP13A1,M03,0.012058296538779338,0.012058296538779338
PBDC1,M07,0.03052098000244141,0.03052098000244141
PCSK7,M08,0.022968308919601214,0.022968308919601214
C21orf2,M06,0.02297452629944712,-0.02297452629944712
DDX60,M06,0.031890457167263964,0.031890457167263964
STAMBPL1,M01,0.02227427665026873,0.02227427665026873
GLTSCR2,M02,0.030242017859420045,-0.030242017859420045
DDX21,M05,0.02367649209481778,0.02367649209481778
WWC3,M03,0.01903524811689529,-0.01903524811689529
PSMA3,M07,0.029231229374302115,0.029231229374302115
ZFR,M01,0.02163691843098691,0.02163691843098691
ACADM,M01,0.026440482524091233,0.026440482524091233
SLC9A3R1,M08,0.046507063044169746,0.046507063044169746
VAMP2,M03,0.0328569404069134,0.0328569404069134
BAZ1A,M03,0.020512863770469812,-0.020512863770469812
PTPRC,M05,0.01631221794459804,0.01631221794459804
CPA3,M07,0.0187766121908215,0.0187766121908215
SIK3,M03,0.028165807948736667,0.028165807948736667
NDUFA13,M05,0.03249272488960329,-0.03249272488960329
SNRNP27,M01,0.022414130830616365,0.022414130830616365
PPTC7,M04,0.027937340869741166,-0.027937340869741166
C1RL,M02,0.02371245750846516,0.02371245750846516
FOSB,M05,0.0138654476657021,-0.0138654476657021
ASGR1,M06,0.04843037725295515,0.04843037725295515
FBXO6,M06,0.050682249942705024,0.050682249942705024
WDR13,M04,0.020420587528096668,0.020420587528096668
CTTN,M04,0.020553380084372942,0.020553380084372942
CD4,M08,0.03113466416477057,-0.03113466416477057
EIF3B,M05,0.024166808826399128,0.024166808826399128
PREX1,M02,0.030042997869178703,0.030042997869178703
KRT73,M06,0.01375035222845086,-0.01375035222845086
USP7,M04,0.020090446870253707,0.020090446870253707
SLC25A23,M04,0.02191953702939909,0.02191953702939909
NPEPL1,M07,0.02393052459066803,-0.02393052459066803
NDUFS7,M02,0.02525776295755406,-0.02525776295755406
LMNB1,M07,0.02346607838690697,0.02346607838690697
CD72,M08,0.030188513622905044,-0.030188513622905044
NDUFB11,M02,0.029385894541855844,-0.029385894541855844
RNF145,M02,0.021973922155333853,0.021973922155333853
SKAP1,M03,0.034639155553180485,0.034639155553180485
AOAH,M05,0.019224579780202374,-0.019224579780202374
KIAA0319L,M01,0.01760661396351796,-0.01760661396351796
UQCRC2,M03,0.02834290160190276,0.02834290160190276
FECH,M05,0.03363205956446593,0.03363205956446593
UNC50,M01,0.021987598640817934,0.021987598640817934
STYXL1,M03,0.01560475399051772,-0.01560475399051772
OSTF1,M07,0.03752571737897878,0.03752571737897878
FMNL1,M01,0.023651894669588606,-0.023651894669588606
CSNK2B,M02,0.02023101276833118,-0.02023101276833118
PPP2R5E,M07,0.02061947467418646,-0.02061947467418646
RPL7A,M03,0.02771084532956686,0.02771084532956686
IER3,M03,0.024704698319519935,-0.024704698319519935
MFSD11,M05,0.03448113743775945,-0.03448113743775945
IMP3,M02,0.027275688703509857,-0.027275688703509857
LTB4R,M02,0.02113272975877215,0.02113272975877215
DDX24,M02,0.024958284180489215,-0.024958284180489215
CISD2,M04,0.027786829035873272,0.027786829035873272
EPN1,M01,0.02416932019887554,-0.02416932019887554
ITPKB,M01,0.02019902812545003,-0.02019902812545003
SRRT,M03,0.021929088260247438,0.021929088260247438
PPP2CA,M01,0.02423662945179768,0.02423662945179768
ANP32B,M05,0.03565263711777976,0.03565263711777976
PPA2,M03,0.03543958049095971,0.03543958049095971
RBM17,M01,0.021316346141512277,0.021316346141512277
ATP8B4,M07,0.026440331826740104,-0.026440331826740104
UBE2E1,M01,0.025576218006405547,0.025576218006405547
STXBP3,M01,0.019980448034168565,0.019980448034168565
C1orf162,M06,0.03221119738397131,0.03221119738397131
TLR6,M03,0.032955536240952446,-0.032955536240952446
ALDOB,M05,0.02423174981171798,0.02423174981171798
RABGAP1,M01,0.01921715850505155,-0.01921715850505155
HECTD1,M01,0.019804771438369607,0.019804771438369607
SLC20A1,M08,0.032252013893224823,0.032252013893224823
POLL,M04,0.02950102678731147,0.02950102678731147
SLAMF6,M08,0.041508975441743125,0.041508975441743125
RRAS,M06,0.04593314456209312,0.04593314456209312
RAB21,M07,0.022277587066856754,0.022277587066856754
TTC25,M04,0.03267377935098515,0.03267377935098515
RBL2,M05,0.027237101557602297,0.027237101557602297
ZNF787,M03,0.021619824761598544,-0.021619824761598544
DAP,M04,0.022430332807888805,0.022430332807888805
S1PR4,M05,0.031029446548549056,-0.031029446548549056
MT1F,M02,0.016862759511364175,-0.016862759511364175
SIRPB1,M02,0.024307371153685146,0.024307371153685146
TXK,M07,0.019025394759929662,0.019025394759929662
SEPT9,M04,0.03368973398542065,-0.03368973398542065
DDT,M05,0.022635450230864235,-0.022635450230864235
HLA-DPB1,M06,0.0186116748446148,0.0186116748446148
EP300,M04,0.0244740810861728,-0.0244740810861728
RANGAP1,M03,0.021654233261908205,0.021654233261908205
DPP9,M05,0.022085691425473345,-0.022085691425473345
SEC61A1,M07,0.024600615909437087,-0.024600615909437087
STIP1,M07,0.03144413325833247,0.03144413325833247
ZFPM1,M02,0.019297576650967742,-0.019297576650967742
PRRC2A,M01,0.025057417906995935,-0.025057417906995935
COPB1,M01,0.022034586798896322,0.022034586798896322
TRIM8,M04,0.027068410069472734,-0.027068410069472734
ADORA2A,M06,0.028052157648704133,-0.028052157648704133
ANAPC4,M01,0.020855236478821027,0.020855236478821027
TSEN54,M08,0.05695113579343877,0.05695113579343877
SSBP3,M04,0.025408539707858988,0.025408539707858988
UBE2A,M03,0.026703036247509762,-0.026703036247509762
LSM2,M03,0.021483570981021292,0.021483570981021292
OAF,M06,0.03830313379589541,0.03830313379589541
GSTT1,M07,0.006570487391226037,-0.006570487391226037
STK10,M07,0.023809769234664067,0.023809769234664067
TMEM109,M02,0.024673610392511303,-0.024673610392511303
CTNNA1,M06,0.03221013809701955,0.03221013809701955
JARID2,M07,0.03583911678045034,0.03583911678045034
MCM6,M02,0.02208753017424048,-0.02208753017424048
RBM12B,M07,0.035086432250627145,-0.035086432250627145
GTF2E2,M01,0.019707733243160924,0.019707733243160924
MTMR6,M02,0.021249216964695512,0.021249216964695512
NDUFB7,M05,0.034399933112896804,-0.034399933112896804
ST6GALNAC6,M08,0.030239073897672622,0.030239073897672622
ENC1,M08,0.022139159804701214,0.022139159804701214
GOT2,M02,0.02694473480520102,-0.02694473480520102
NDUFA11,M02,0.025163951298763355,-0.025163951298763355
N4BP2L2,M01,0.02175630713830802,0.02175630713830802
PI16,M06,0.021002737818099252,-0.021002737818099252
ANKRD13A,M02,0.031108848147700076,0.031108848147700076
RILPL2,M03,0.030231388618447826,-0.030231388618447826
FAM76B,M07,0.03167529125412022,-0.03167529125412022
MFSD10,M08,0.028308068627867236,0.028308068627867236
PLA2G7,M06,0.031412127551073414,0.031412127551073414
CCDC84,M06,0.025706987276135396,-0.025706987276135396
PSMD4,M04,0.026835232032857953,0.026835232032857953
TRIM28,M01,0.021181829192444213,-0.021181829192444213
APOD,M08,0.012859952614508629,-0.012859952614508629
SLC9A8,M02,0.019543349692657756,0.019543349692657756
ZNF385A,M06,0.029587640493411085,0.029587640493411085
AHCYL1,M03,0.03364349218302879,0.03364349218302879
FAM65C,M04,0.026687126815389168,0.026687126815389168
NDUFA8,M06,0.023672428580078727,0.023672428580078727
HNRNPA0,M05,0.024367850160278547,0.024367850160278547
GIMAP8,M06,0.04481226634193477,0.04481226634193477
RETN,M06,0.02241738687763935,0.02241738687763935
MFGE8,M06,0.02600741761926888,-0.02600741761926888
DNAJC30,M06,0.03282111764046631,-0.03282111764046631
IL1RN,M08,0.023867135366820707,-0.023867135366820707
PSMA5,M06,0.03603224676920331,0.03603224676920331
CITED4,M08,0.023604463918913875,-0.023604463918913875
CBL,M02,0.03106064647541749,0.03106064647541749
FYB,M02,0.02307235369381525,0.02307235369381525
GCAT,M04,0.019335057221527594,0.019335057221527594
ZDHHC8,M04,0.026043586639271324,-0.026043586639271324
LANCL1,M01,0.02451480979185921,0.02451480979185921
AP1M1,M04,0.020502184208854503,-0.020502184208854503
KIAA0907,M03,0.025515894464875462,0.025515894464875462
MKL1,M01,0.024094341464105204,-0.024094341464105204
ZSWIM6,M01,0.018114004847036222,0.018114004847036222
MOV10,M07,0.028426146958302614,-0.028426146958302614
CSTB,M06,0.02603646937767243,0.02603646937767243
ABI1,M01,0.020662865833572172,0.020662865833572172
FAM83F,M04,0.03129242005625351,0.03129242005625351
CLEC4E,M02,0.02479273421691798,0.02479273421691798
MRPL3,M01,0.024507312557370906,0.024507312557370906
RCC2,M06,0.03176838339812547,0.03176838339812547
DYNC1H1,M03,0.02599340478452616,0.02599340478452616
WDR1,M07,0.037248962952830374,0.037248962952830374
MBNL3,M05,0.04135856148948756,0.04135856148948756
PNRC2,M01,0.026561565909340976,0.026561565909340976
FAM8A1,M02,0.023840430563435273,0.023840430563435273
LRP3,M07,0.01886993941403709,-0.01886993941403709
MRPS6,M04,0.022040010255303256,-0.022040010255303256
UPF1,M01,0.022466725835615098,-0.022466725835615098
EIF4G2,M05,0.02372926521900586,0.02372926521900586
TLR8,M03,0.029646535698713866,-0.029646535698713866
CCDC6,M07,0.026585106521038477,-0.026585106521038477
HIST1H2BJ,M04,0.03390239492947182,0.03390239492947182
AKR1B1,M02,0.03148933136663188,-0.03148933136663188
UBE2H,M05,0.040814492119974385,0.040814492119974385
EFHD2,M04,0.0345479796637027,-0.0345479796637027
DYNLT3,M01,0.02588860866399225,0.02588860866399225
NDUFB8,M02,0.032852224871270715,-0.032852224871270715
GPX4,M02,0.012768453413888983,-0.012768453413888983
CA5B,M03,0.025354635508094334,0.025354635508094334
THOC5,M05,0.02729362520083694,-0.02729362520083694
FAM122B,M01,0.02509517918538479,0.02509517918538479
CD163,M06,0.0387067587202532,0.0387067587202532
TTC19,M02,0.017712616613774,-0.017712616613774
TDRD1,M05,0.042629721478764426,-0.042629721478764426
GSTO1,M06,0.0329915650702927,0.0329915650702927
MPL,M01,0.01517846283213961,-0.01517846283213961
NSUN2,M03,0.026021972932120496,0.026021972932120496
FAM96A,M01,0.025528638629728,0.025528638629728
IMPDH2,M08,0.028076111660831862,-0.028076111660831862
TPST2,M08,0.04563361138513852,0.04563361138513852
CYBA,M06,0.02383873937907567,0.02383873937907567
EEF2,M02,0.02194023299578521,-0.02194023299578521
PIAS4,M01,0.023323871166906346,-0.023323871166906346
NSFL1C,M02,0.01748256264342511,0.01748256264342511
RHOC,M06,0.03494030495355299,0.03494030495355299
COPS3,M04,0.02257846781791609,0.02257846781791609
SPPL2A,M01,0.01745887830101813,0.01745887830101813
TRIM33,M01,0.021143190905425557,0.021143190905425557
TFRC,M07,0.03249580146790913,-0.03249580146790913
VDAC3,M01,0.019821881703342856,0.019821881703342856
RAB11FIP1,M02,0.026653617875835877,0.026653617875835877
SIGIRR,M07,0.03362051426760738,0.03362051426760738
PRR14L,M04,0.027404057313075825,0.027404057313075825
MAT2A,M07,0.026070887851889553,-0.026070887851889553
USP5,M02,0.02464360653125206,-0.02464360653125206
CORO1A,M07,0.03799073455510904,0.03799073455510904
MRPL21,M04,0.02271433686498936,0.02271433686498936
CYSLTR1,M08,0.03193758430167414,-0.03193758430167414
AKAP17A,M04,0.03595092559676181,-0.03595092559676181
LILRB3,M02,0.022283944766579137,0.022283944766579137
GNL3,M01,0.023526370321325745,0.023526370321325745
TMEM160,M02,0.026463064968698012,-0.026463064968698012
CD320,M08,0.0373201050535981,0.0373201050535981
NIF3L1,M01,0.02384325846059083,0.02384325846059083
SPSB3,M07,0.028271128029330947,-0.028271128029330947
FKBP11,M08,0.04051202786406795,0.04051202786406795
RBM15,M01,0.023737937690270505,0.023737937690270505
ARHGAP15,M06,0.03108427837568437,-0.03108427837568437
IFFO1,M07,0.031698944528959286,-0.031698944528959286
LYRM1,M03,0.02145950643497324,-0.02145950643497324
PDK4,M01,0.017223481427834766,0.017223481427834766
GRAMD1A,M05,0.0202726150074423,-0.0202726150074423
CCND3,M08,0.023402337589761058,0.023402337589761058
UVSSA,M06,0.01916401353300977,-0.01916401353300977
ATP6V1F,M07,0.035353431132481156,-0.035353431132481156
PNMA3,M04,0.011532581125557086,-0.011532581125557086
RDH14,M01,0.025660508913098075,0.025660508913098075
MRPS21,M07,0.020336742884734988,0.020336742884734988
REC8,M07,0.020674052440102356,-0.020674052440102356
DAXX,M05,0.023239631961191293,-0.023239631961191293
CCDC167,M02,0.024549122470144177,-0.024549122470144177
MAN2A2,M02,0.021431857702001844,0.021431857702001844
SERTAD2,M07,0.030675670598189073,0.030675670598189073
MRPL23,M02,0.02778665115515262,-0.02778665115515262
HEMGN,M04,0.032705358693086745,0.032705358693086745
SSH1,M01,0.02020775190239397,-0.02020775190239397
NUDC,M02,0.025548985405029485,-0.025548985405029485
TTC14,M07,0.021793468041723146,-0.021793468041723146
IL10RA,M08,0.02244160913333724,0.02244160913333724
GNAI2,M07,0.023944000892551335,0.023944000892551335
ANKRD33,M02,0.0187547557925829,0.0187547557925829
AGTRAP,M06,0.023904380004990778,0.023904380004990778
TNFSF14,M05,0.026839322797403736,-0.026839322797403736
LINC00339,M04,0.01697349616575438,-0.01697349616575438
DEF6,M03,0.02436885605313278,0.02436885605313278
GRPEL2,M01,0.02419381921668404,0.02419381921668404
GNAQ,M03,0.022342299225370826,-0.022342299225370826
LINC00493,M04,0.018707873873687008,0.018707873873687008
CIRBP,M07,0.047337662504322774,0.047337662504322774
FAM3A,M07,0.030923770108804295,-0.030923770108804295
FAM13B,M03,0.02178893471199433,0.02178893471199433
PIGQ,M01,0.0192865875620218,-0.0192865875620218
UBE2V2,M01,0.025041265425084214,0.025041265425084214
TRAFD1,M06,0.02607937113880012,0.02607937113880012
ATG7,M06,0.027369966647957277,0.027369966647957277
EIF3L,M02,0.024263327536839605,-0.024263327536839605
MARCH2,M04,0.03202791101729558,0.03202791101729558
POU2F2,M05,0.01806696783668609,-0.01806696783668609
IFNAR1,M03,0.02592780282473031,-0.02592780282473031
JMJD8,M02,0.02462605401813975,-0.02462605401813975
COX5A,M06,0.02973889946656748,0.02973889946656748
OARD1,M07,0.03777691982206814,0.03777691982206814
FAM212B,M06,0.024352345438971957,-0.024352345438971957
TACC1,M04,0.031154291258910324,-0.031154291258910324
PAQR8,M03,0.026295700018131057,0.026295700018131057
AUTS2,M08,0.049464783084863316,0.049464783084863316
SCYL2,M02,0.02103239644411379,0.02103239644411379
ABRACL,M03,0.021694282692382248,0.021694282692382248
ZRSR2,M02,0.01996138346906729,-0.01996138346906729
NDUFV2,M02,0.01890857329121903,-0.01890857329121903
FAM160A2,M07,0.02012681922956418,-0.02012681922956418
KIDINS220,M01,0.018379485789917143,0.018379485789917143
PPP1R18,M04,0.0244430956987265,-0.0244430956987265
ABCE1,M01,0.02671673145856678,0.02671673145856678
HMGN2,M03,0.03057923003116944,0.03057923003116944
GDI1,M03,0.024817635626229587,0.024817635626229587
GNL2,M01,0.021175128713498224,0.021175128713498224
EPB41L3,M06,0.04184690035412493,0.04184690035412493
TAGAP,M06,0.02023662945015538,-0.02023662945015538
RINL,M03,0.026276879097737953,0.026276879097737953
NUP37,M01,0.020848107500410537,0.020848107500410537
PRCP,M02,0.02638074787516915,0.02638074787516915
UBASH3B,M03,0.02213420685302128,-0.02213420685302128
TNFRSF13B,M08,0.028724806498501735,-0.028724806498501735
KLHL21,M03,0.022017029044139106,-0.022017029044139106
C19orf53,M05,0.030360974484034076,-0.030360974484034076
TSPO,M03,0.0252931134984435,-0.0252931134984435
CPNE3,M04,0.019897461187859292,-0.019897461187859292
GPAA1,M08,0.023204800327348493,0.023204800327348493
UBP1,M01,0.022189684524796964,0.022189684524796964
PSTPIP1,M08,0.027579817356335263,0.027579817356335263
MCM8,M03,0.03931349531873732,0.03931349531873732
IL27RA,M02,0.027050865006892605,-0.027050865006892605
RPL23A,M03,0.03917899941450835,0.03917899941450835
SLC35A5,M01,0.021628613031074058,0.021628613031074058
ENTPD4,M05,0.02054020557087819,-0.02054020557087819
GTPBP6,M02,0.02924178768701657,-0.02924178768701657
RABAC1,M05,0.03420401178051248,-0.03420401178051248
PDHB,M02,0.021754105661906647,-0.021754105661906647
B3GALT4,M05,0.01657537085952304,-0.01657537085952304
RASSF7,M07,0.029730535861049182,-0.029730535861049182
RNF167,M08,0.02538240275093953,0.02538240275093953
ADAP2,M06,0.053153916709992206,0.053153916709992206
UBE4B,M03,0.029912807215540547,0.029912807215540547
ARHGEF6,M04,0.029054180564818902,-0.029054180564818902
GALNT3,M05,0.03868433345956694,-0.03868433345956694
RAB5A,M02,0.024526575383433454,0.024526575383433454
GLOD4,M03,0.03267421832670456,0.03267421832670456
CD37,M08,0.025678663725237857,-0.025678663725237857
ACP5,M07,0.014678448278951888,-0.014678448278951888
ASXL2,M03,0.027737316050337798,0.027737316050337798
TSSC4,M04,0.022938713655864064,0.022938713655864064
SAMD14,M04,0.0255428263101177,0.0255428263101177
YWHAH,M08,0.022272474232093598,-0.022272474232093598
MFHAS1,M03,0.018750220701800015,0.018750220701800015
PDXK,M04,0.017921672768723775,-0.017921672768723775
APOBR,M05,0.027459049826010933,-0.027459049826010933
UCHL3,M01,0.02176399724518814,0.02176399724518814
MAP4K1,M02,0.028584776776439183,-0.028584776776439183
PEA15,M06,0.042582448241003976,0.042582448241003976
TRABD,M04,0.027245609163433607,-0.027245609163433607
DNAJB11,M01,0.01910121064588599,0.01910121064588599
STIM1,M03,0.032227926525401,0.032227926525401
ATM,M01,0.021332214395117184,0.021332214395117184
SLC2A6,M06,0.038178336983930417,0.038178336983930417
ASF1A,M06,0.023277762105112672,-0.023277762105112672
MON2,M01,0.02183326705502011,0.02183326705502011
TMEM219,M05,0.04102281025929381,-0.04102281025929381
HNRNPR,M02,0.024341635782327096,-0.024341635782327096
SNORA70,M08,0.032401098306737125,0.032401098306737125
SNRPA1,M01,0.018831953548213702,0.018831953548213702
TDRD7,M06,0.022158428030150758,0.022158428030150758
USB1,M02,0.021627494491769553,0.021627494491769553
IFITM2,M02,0.02019780060605206,0.02019780060605206
HSPA9,M06,0.023843833308747283,0.023843833308747283
PSMB3,M03,0.02731342058818472,-0.02731342058818472
GLTP,M04,0.026743860016107568,-0.026743860016107568
PIAS1,M02,0.02295039985878445,0.02295039985878445
ARL2,M02,0.023893287487764054,-0.023893287487764054
NAAA,M06,0.02021535901478288,0.02021535901478288
LINC00938,M01,0.022528019787688855,0.022528019787688855
LRWD1,M06,0.01802321325149382,-0.01802321325149382
CYB5B,M02,0.021047587454022815,-0.021047587454022815
FYN,M08,0.03684702379921636,0.03684702379921636
MSRA,M03,0.02298982052041549,-0.02298982052041549
COQ2,M06,0.02365180930980777,0.02365180930980777
GPX1,M04,0.023873418291610788,0.023873418291610788
RGS19,M07,0.03039533128272951,-0.03039533128272951
KIAA0430,M05,0.04906835480467252,0.04906835480467252
TMSB10,M06,0.033612651417811557,0.033612651417811557
ATP5A1,M02,0.027133287176533138,-0.027133287176533138
HAL,M02,0.033721248137890604,0.033721248137890604
EDC4,M01,0.018471417696991406,-0.018471417696991406
NR1H2,M01,0.022609801832882543,-0.022609801832882543
COX5B,M06,0.02532870195310613,0.02532870195310613
ENTPD1,M03,0.02482948363098712,-0.02482948363098712
CXCR4,M04,0.027444188127135383,-0.027444188127135383
NRROS,M06,0.037815840534817624,0.037815840534817624
FERMT3,M01,0.023037257059132715,-0.023037257059132715
MTHFR,M05,0.021060228891672292,-0.021060228891672292
PTBP1,M02,0.021568833321510245,-0.021568833321510245
GGA2,M08,0.02117452274877112,-0.02117452274877112
PTPN1,M04,0.02709115614226125,-0.02709115614226125
ATP5H,M07,0.02759392544361415,0.02759392544361415
FAM111A,M07,0.023731774412989317,-0.023731774412989317
TRRAP,M04,0.021071992607787693,-0.021071992607787693
L3MBTL2,M02,0.028195879528013036,-0.028195879528013036
APOBEC3A,M03,0.02610042171192213,0.02610042171192213
DYNLL1,M06,0.03065954172397502,0.03065954172397502
SEMA4D,M04,0.026245015726484775,-0.026245015726484775
HNRNPD,M04,0.027100443616400693,-0.027100443616400693
LAMTOR1,M03,0.03398128982425026,-0.03398128982425026
ARHGAP30,M07,0.03404544722077634,0.03404544722077634
SWAP70,M08,0.04488989600265069,-0.04488989600265069
ZC3H3,M01,0.023175084242261616,-0.023175084242261616
SKIV2L,M01,0.020827600304237154,-0.020827600304237154
GSK3B,M07,0.021098634844263497,0.021098634844263497
RBM23,M04,0.027166379314725788,-0.027166379314725788
C20orf24,M03,0.026895588837772693,-0.026895588837772693
EIF3H,M02,0.026116625228352574,-0.026116625228352574
DR1,M01,0.021554554556410026,0.021554554556410026
RNF187,M04,0.028752632108987805,0.028752632108987805
DNA2,M04,0.0251590058091285,0.0251590058091285
FGD2,M07,0.027654972674820193,-0.027654972674820193
TMCC2,M04,0.02950879562907933,0.02950879562907933
GRSF1,M01,0.02153336627844414,0.02153336627844414
DBNDD2,M07,0.02043602294472673,-0.02043602294472673
NDUFV1,M02,0.02730099073077862,-0.02730099073077862
TAGLN,M07,0.019221459505819428,-0.019221459505819428
CBX6,M03,0.027836340770922292,0.027836340770922292
ASAP1,M07,0.023188028674680505,-0.023188028674680505
RAPGEF6,M06,0.03474009919861694,-0.03474009919861694
TBC1D10C,M06,0.030870257266865184,-0.030870257266865184
PRTN3,M07,0.016564507052550925,-0.016564507052550925
SIPA1,M01,0.022110762292031894,-0.022110762292031894
PYHIN1,M08,0.05971704231042497,0.05971704231042497
FN3KRP,M03,0.026642191366579006,0.026642191366579006
EIF3D,M02,0.029935553789534716,-0.029935553789534716
EEF1E1,M01,0.02483950745232618,0.02483950745232618
TSC22D4,M01,0.018017351850139463,-0.018017351850139463
TEF,M01,0.020591862887886763,-0.020591862887886763
BST1,M03,0.026978459286388874,-0.026978459286388874
CBX7,M06,0.03939147351339703,-0.03939147351339703
SP1,M02,0.02258883187750507,0.02258883187750507
MRPL37,M02,0.028810612572558902,-0.028810612572558902
SLC35A4,M01,0.020304476739073953,-0.020304476739073953
TTYH3,M06,0.03221493530662465,0.03221493530662465
SMCO4,M06,0.044338543200485095,0.044338543200485095
GLA,M01,0.015421328449040156,-0.015421328449040156
FAM213A,M03,0.04042712874326612,0.04042712874326612
SUMO3,M02,0.023016583211764,-0.023016583211764
HAUS4,M05,0.020573717717377572,-0.020573717717377572
CD99,M08,0.050279411709919536,0.050279411709919536
PARVG,M01,0.02030928203565572,-0.02030928203565572
ZCCHC17,M03,0.02268798627773938,-0.02268798627773938
AMFR,M05,0.027117711439552453,0.027117711439552453
CD300C,M06,0.043917228202471084,0.043917228202471084
SF3B4,M04,0.023355022713275497,-0.023355022713275497
LASP1,M07,0.030871645516525253,0.030871645516525253
RNF115,M02,0.023147276169857102,-0.023147276169857102
NOL11,M01,0.021345774319547626,0.021345774319547626
G6PD,M01,0.02372672646669693,-0.02372672646669693
RNF11,M05,0.03526983450804018,0.03526983450804018
RNF20,M03,0.023365615268867115,0.023365615268867115
VCPKMT,M06,0.026299574126788308,-0.026299574126788308
SAMM50,M02,0.032047495412516065,-0.032047495412516065
TRMT13,M01,0.024991681385067462,0.024991681385067462
GNA12,M05,0.03244472940182886,0.03244472940182886
SRPRB,M02,0.026406004689013666,-0.026406004689013666
KIAA1211L,M03,0.019042530176065362,-0.019042530176065362
SRSF5,M04,0.020994391862953973,-0.020994391862953973
KHNYN,M01,0.01957680238257521,-0.01957680238257521
HIGD2A,M06,0.025230516507265776,0.025230516507265776
SF3B5,M02,0.026362323138498525,-0.026362323138498525
CES3,M05,0.020215693691895943,0.020215693691895943
DDX58,M06,0.027843418721254676,0.027843418721254676
QPCT,M03,0.02747847291274763,-0.02747847291274763
RIN3,M01,0.02252495920965268,-0.02252495920965268
TRIB2,M02,0.02451757310255679,-0.02451757310255679
TCEA3,M08,0.04876776311825037,-0.04876776311825037
VDAC1,M06,0.02633606400963712,0.02633606400963712
LYRM5,M01,0.023899320937441407,0.023899320937441407
EIF1,M05,0.03904736252910691,0.03904736252910691
ROGDI,M04,0.02752768447547722,0.02752768447547722
MAP7D1,M07,0.036381660578233464,0.036381660578233464
OCIAD1,M03,0.03449364772825056,0.03449364772825056
ZNF827,M03,0.025049916417591443,0.025049916417591443
RHOQ,M07,0.0338696531602814,-0.0338696531602814
EXOC3,M05,0.027161039686142273,-0.027161039686142273
RAB29,M08,0.027829104428009198,0.027829104428009198
OGFR,M05,0.01964143208596329,-0.01964143208596329
AKAP11,M07,0.0267812617947537,-0.0267812617947537
OLFM4,M07,0.023165756387360903,-0.023165756387360903
THOC2,M04,0.025116622275634548,0.025116622275634548
ACAP2,M02,0.02325656094795023,0.02325656094795023
ENOPH1,M01,0.02468325631409253,0.02468325631409253
TUBB2A,M04,0.01605145685565015,0.01605145685565015
YY1,M03,0.0353432521815198,0.0353432521815198
FBXL5,M07,0.027272308184192115,-0.027272308184192115
CD151,M06,0.022818550557001386,0.022818550557001386
KLHL9,M01,0.02129323144058858,0.02129323144058858
GIMAP1,M03,0.0359414540087842,0.0359414540087842
CD160,M08,0.030110833316078653,0.030110833316078653
ITM2A,M02,0.023527763302353812,-0.023527763302353812
NDEL1,M02,0.025911291262153177,0.025911291262153177
TMED3,M02,0.03024247469564914,-0.03024247469564914
CRIPT,M03,0.02834901785462017,-0.02834901785462017
TKTL1,M07,0.01811503457398525,0.01811503457398525
AMD1,M03,0.024853532669391137,-0.024853532669391137
FCGR3A,M04,0.02660294035036618,0.02660294035036618
C17orf49,M02,0.02383847658942636,-0.02383847658942636
SYTL1,M08,0.030564998674944863,0.030564998674944863
VARS2,M02,0.02061757103027798,-0.02061757103027798
INTS3,M01,0.018808262158546238,-0.018808262158546238
TMEM41B,M01,0.022842941782273127,0.022842941782273127
FNBP1,M04,0.03589866327353933,-0.03589866327353933
BPGM,M05,0.040198711517264576,0.040198711517264576
CAP1,M03,0.024100737602532334,-0.024100737602532334
NAPSA,M08,0.025330844421365892,-0.025330844421365892
SLC16A5,M05,0.022566899624831143,-0.022566899624831143
ZNF83,M01,0.022214691927122002,0.022214691927122002
ADSL,M02,0.028826815701691443,-0.028826815701691443
EMP3,M02,0.022914622729361123,-0.022914622729361123
PRELID1,M07,0.025475428619412897,-0.025475428619412897
RNGTT,M01,0.022441578021251865,0.022441578021251865
SLC30A9,M01,0.025281463595962506,0.025281463595962506
KBTBD2,M01,0.016711316876261494,0.016711316876261494
JKAMP,M01,0.021361723194877454,0.021361723194877454
IL10RB,M02,0.028808552780103247,0.028808552780103247
TRIM26,M01,0.022111556627057292,-0.022111556627057292
PUM3,M01,0.022341011192455826,0.022341011192455826
EIF3G,M02,0.02436799556237595,-0.02436799556237595
SEC61G,M06,0.019618961335439573,0.019618961335439573
NCKAP5L,M01,0.021771476490616806,-0.021771476490616806
TMEM60,M03,0.02167212446185909,-0.02167212446185909
TSPAN14///NUP58,M01,0.019808084257292576,-0.019808084257292576
AIP,M02,0.026907430372643495,-0.026907430372643495
MAP3K8,M04,0.02069323500530281,-0.02069323500530281
TAOK1,M08,0.012864886767834607,-0.012864886767834607
CSF2RA,M02,0.02700399942702706,0.02700399942702706
GTPBP4,M01,0.017773839293261175,0.017773839293261175
TPM2,M02,0.01590916382523307,-0.01590916382523307
WDR82,M03,0.03421711636859453,0.03421711636859453
CD300LB,M05,0.02010248752839527,-0.02010248752839527
TUBA1B,M03,0.02557285150148181,0.02557285150148181
CDC42SE1,M08,0.03681903408390593,0.03681903408390593
MRFAP1L1,M01,0.024767610759753925,0.024767610759753925
CD82,M07,0.024519591623253345,0.024519591623253345
NDUFA3,M02,0.02543297785735841,-0.02543297785735841
SRSF3,M01,0.02391751320147539,0.02391751320147539
PKN2,M02,0.025225664792223546,0.025225664792223546
TMBIM6,M04,0.027957729960957193,-0.027957729960957193
HTATIP2,M02,0.02815029012447479,0.02815029012447479
STAT5A,M08,0.026508216226708736,-0.026508216226708736
PRKCQ,M07,0.01891430268664867,0.01891430268664867
ILF2,M02,0.02435273881906774,-0.02435273881906774
SLK,M01,0.022627290954940243,0.022627290954940243
ZNF395,M08,0.02937515568124053,-0.02937515568124053
DEGS1,M02,0.02092736098347058,0.02092736098347058
TRPM6,M02,0.022787137295145372,0.022787137295145372
RAVER1,M01,0.02310546221931515,-0.02310546221931515
STRAP,M03,0.02290252320519748,0.02290252320519748
WAC,M02,0.020618212580099708,0.020618212580099708
TMEM131,M04,0.030727394879401508,-0.030727394879401508
HCST,M08,0.03543803401884493,0.03543803401884493
FAAP100,M07,0.027185063143949383,-0.027185063143949383
SH2B3,M04,0.030689088411746404,-0.030689088411746404
CERS6,M07,0.04221514707123735,-0.04221514707123735
FAM129C,M08,0.03843696093081001,-0.03843696093081001
PLOD3,M02,0.01895924262363571,-0.01895924262363571
CHP1,M04,0.021744707103581017,0.021744707103581017
GLIPR2,M04,0.025017420369592876,-0.025017420369592876
LPCAT1,M08,0.05421214588860383,0.05421214588860383
POLR2B,M01,0.021486753220126942,0.021486753220126942
NSUN5P1,M02,0.013695441113660382,-0.013695441113660382
IRF7,M06,0.03628212925891475,0.03628212925891475
COL9A2,M07,0.014748980500016958,-0.014748980500016958
FAM234A,M01,0.021579189715748126,-0.021579189715748126
SHMT2,M08,0.03331145672601032,-0.03331145672601032
SUPT4H1,M03,0.0378846510342156,-0.0378846510342156
RHOB,M03,0.026278070534166826,0.026278070534166826
UBE2M,M01,0.01917831711403187,-0.01917831711403187
LSM5,M01,0.022056905116221586,0.022056905116221586
CALM1,M02,0.02576387772454871,-0.02576387772454871
TP53INP2,M07,0.02145763318528602,0.02145763318528602
SLC2A1,M05,0.034818510631006945,0.034818510631006945
SLC25A46,M01,0.023928460965816106,0.023928460965816106
UBL4A,M04,0.019213990702385598,0.019213990702385598
MDH2,M04,0.025487632168965296,-0.025487632168965296
NDUFS3,M06,0.021067770858738382,0.021067770858738382
VPS35,M04,0.028600207490074993,-0.028600207490074993
SLC35E1,M05,0.035142631948689856,-0.035142631948689856
JTB,M03,0.030574630576643846,-0.030574630576643846
PTPN11,M01,0.023967902563870627,0.023967902563870627
ALDH9A1,M04,0.03452201810864066,-0.03452201810864066
POR,M01,0.021678251912747012,-0.021678251912747012
PRPF31,M03,0.021334826697408597,0.021334826697408597
TYROBP,M03,0.02297353958854245,-0.02297353958854245
PSMG2,M06,0.017678953581304963,0.017678953581304963
BRK1,M03,0.020845037691102433,-0.020845037691102433
ZNF14,M03,0.03557341637401401,0.03557341637401401
SKIV2L2,M01,0.02398526439546555,0.02398526439546555
KCTD10,M04,0.011680140715562304,-0.011680140715562304
DCAKD,M02,0.026941144722270487,-0.026941144722270487
HSD17B11,M02,0.030264205929425605,0.030264205929425605
ERAL1,M05,0.022241270266972094,0.022241270266972094
FUBP3,M01,0.021355516504397747,0.021355516504397747
TSEN15,M01,0.024283731405639476,0.024283731405639476
ST13,M05,0.023363209316176446,0.023363209316176446
PPP2R1A,M04,0.02242088743729782,-0.02242088743729782
HNRNPUL2,M07,0.02493609802718536,0.02493609802718536
DDX39A,M03,0.034283696159889444,0.034283696159889444
MIGA1,M05,0.032176089448349356,-0.032176089448349356
PAF1,M03,0.019235980660683945,0.019235980660683945
C1QB,M06,0.03720834211037262,0.03720834211037262
JUND,M05,0.028990865479056292,0.028990865479056292
UROD,M04,0.033232303515043804,0.033232303515043804
PCBP1,M04,0.027178548497013632,-0.027178548497013632
PRKCA,M08,0.03856729872977985,-0.03856729872977985
CAMK1D,M07,0.03357182829168538,0.03357182829168538
CUTC,M01,0.022982654436103776,0.022982654436103776
RPS2,M03,0.016440539541744317,0.016440539541744317
TMEM63A,M06,0.0192071757692484,-0.0192071757692484
CDR2,M03,0.020546487055529982,0.020546487055529982
STXBP5,M02,0.02385095732563653,0.02385095732563653
GOLGA8A,M03,0.029545975041889397,0.029545975041889397
CD300A,M08,0.022913980009743377,0.022913980009743377
TMEM209,M01,0.023159921127191393,0.023159921127191393
NLRC5,M05,0.02234237387730147,0.02234237387730147
CMTM5,M04,0.019433552265195435,0.019433552265195435
HMGCR,M03,0.019469974228465525,-0.019469974228465525
CAMK2G,M04,0.024026508990525716,-0.024026508990525716
DGAT2,M02,0.029160883803270306,0.029160883803270306
PHF21A,M03,0.021985481658396335,-0.021985481658396335
TRAPPC4,M02,0.019959646991624388,-0.019959646991624388
BTN3A3,M03,0.03291698353337888,0.03291698353337888
UBE2Q2,M01,0.02122309740703036,0.02122309740703036
NECAP2,M05,0.022329576825509186,0.022329576825509186
EIF4A1,M06,0.03214135943952371,0.03214135943952371
CARD9,M06,0.034705352755104064,0.034705352755104064
CLEC2D,M06,0.019517637758357145,-0.019517637758357145
C12orf10,M04,0.02833016916815422,0.02833016916815422
SERPINA1,M02,0.02555139861238331,0.02555139861238331
PROS1,M04,0.021163686403902798,0.021163686403902798
RHOT2,M07,0.03089923073840818,-0.03089923073840818
RGL2,M07,0.018417068676169428,-0.018417068676169428
CFL1,M03,0.0235136347317864,0.0235136347317864
RNF44,M07,0.02271365948374081,0.02271365948374081
DDX3X,M01,0.02308257587984863,0.02308257587984863
NDUFAF2,M07,0.030705825007171682,0.030705825007171682
LZTR1,M04,0.024784474906518972,-0.024784474906518972
ADO,M01,0.023583233585185104,0.023583233585185104
GPBP1,M01,0.025769503203888194,0.025769503203888194
SLC31A1,M05,0.020568301017540213,-0.020568301017540213
ALDH1A1,M06,0.04272589779954586,0.04272589779954586
TLR2,M07,0.021700877266160604,-0.021700877266160604
GFI1,M08,0.06628791347917613,0.06628791347917613
MRPL14,M02,0.026593355858061187,-0.026593355858061187
AP5B1,M05,0.037759179822076924,-0.037759179822076924
MTDH,M03,0.022684309679404824,0.022684309679404824
HGS,M01,0.02311762051831115,-0.02311762051831115
CENPV,M04,0.033397433384703586,0.033397433384703586
BIN3,M05,0.02630491303212508,-0.02630491303212508
PLCH2,M08,0.036118347239430935,0.036118347239430935
GATAD2A,M01,0.020686924591604226,-0.020686924591604226
FCHO1,M01,0.022424505273763908,-0.022424505273763908
ADCY3,M08,0.029747393109354446,-0.029747393109354446
MEFV,M02,0.027777587239027797,0.027777587239027797
AXIN2,M08,0.02977502574572968,-0.02977502574572968
AMY1A,M03,0.01811583010672253,0.01811583010672253
PEPD,M06,0.037374725288922175,0.037374725288922175
BCL2L13,M05,0.029566709316333574,0.029566709316333574
JMJD1C,M01,0.01965690789926951,0.01965690789926951
TUBB,M02,0.02567394475436779,-0.02567394475436779
KANSL2,M01,0.02115195705876423,0.02115195705876423
AATF,M07,0.02679195049494124,0.02679195049494124
HMOX1,M06,0.047095384572917204,0.047095384572917204
CWF19L2,M01,0.024455283298586827,0.024455283298586827
COMMD7,M02,0.03322012804863243,-0.03322012804863243
LMF2,M01,0.020059763742323475,-0.020059763742323475
UQCRFS1,M04,0.01930249242498924,-0.01930249242498924
GATAD2B,M03,0.01764036326377572,0.01764036326377572
PRPF19,M03,0.02906787688524256,0.02906787688524256
SLC8A2,M04,0.0076112192854077615,0.0076112192854077615
PLSCR1,M06,0.03681948726241262,0.03681948726241262
PPP1R16B,M08,0.031194293353291477,0.031194293353291477
UQCRC1,M06,0.03403741479095586,0.03403741479095586
GSTK1,M02,0.027604970051723715,-0.027604970051723715
ZNF581,M08,0.031889116752792906,-0.031889116752792906
KBTBD11,M08,0.016526541119411303,-0.016526541119411303
IRAK1,M03,0.02769373446433548,0.02769373446433548
USF1,M05,0.021915925897731923,-0.021915925897731923
OR2W5,M04,0.02219691075893837,0.02219691075893837
ATG4B,M07,0.04032463385683199,0.04032463385683199
EPRS,M02,0.02236728491074469,-0.02236728491074469
SLC14A1,M05,0.032898737565365696,0.032898737565365696
UNC93B1,M06,0.0284389123990866,0.0284389123990866
ZBED1,M04,0.021960283353229432,-0.021960283353229432
MRPS24,M02,0.031804573219298304,-0.031804573219298304
ERICH1,M04,0.020804476789405092,-0.020804476789405092
PSMB4,M05,0.02370110505586386,-0.02370110505586386
CENPT,M06,0.02042435274628953,-0.02042435274628953
XRCC5,M01,0.01663162531586988,0.01663162531586988
ATP5D,M02,0.024438071970593767,-0.024438071970593767
AURKAIP1,M03,0.02567553794128476,0.02567553794128476
PTGS1,M04,0.01979549071531379,0.01979549071531379
RPS16,M03,0.035433905302702504,0.035433905302702504
PARP4,M04,0.03489156963075278,-0.03489156963075278
RPL23AP64,M03,0.036009609929981125,0.036009609929981125
GSTP1,M06,0.041710612557505605,0.041710612557505605
FAM172A,M04,0.03497216394814337,0.03497216394814337
SUSD3,M08,0.03910516245612138,-0.03910516245612138
DYNC1I2,M06,0.02277193798257822,0.02277193798257822
AP1G2,M03,0.021554315113077326,0.021554315113077326
OS9,M01,0.02217980737288981,-0.02217980737288981
KAT8,M01,0.020751308604478186,-0.020751308604478186
P2RX7,M07,0.03486314355816298,-0.03486314355816298
GPR1,M03,0.03703718945184755,0.03703718945184755
PGM1,M07,0.025776547090978423,0.025776547090978423
STX8,M07,0.02506184182629818,0.02506184182629818
IMP4,M02,0.03217974301229255,-0.03217974301229255
PMPCB,M01,0.024228818515208462,0.024228818515208462
TMEM175,M07,0.027522712739181655,-0.027522712739181655
PPBP,M04,0.02637135875377117,0.02637135875377117
TRIP12,M03,0.027434741677539846,0.027434741677539846
NSG1,M08,0.018300812929117102,0.018300812929117102
MRPL17,M04,0.026352385682362145,0.026352385682362145
EID2B,M05,0.03035011138799683,-0.03035011138799683
ATOX1,M06,0.031668311291097095,0.031668311291097095
RBM42,M01,0.021989188647480486,-0.021989188647480486
DPF2,M07,0.03223015743506949,0.03223015743506949
NDUFS8,M02,0.02417394264471569,-0.02417394264471569
MTO1,M01,0.02044135008738084,0.02044135008738084
SP110,M08,0.027154223505067646,-0.027154223505067646
MRPL32,M01,0.02394754808086965,0.02394754808086965
LRRK2,M02,0.032352671074643374,0.032352671074643374
ZNF296,M08,0.02340027332135821,-0.02340027332135821
DSC2,M02,0.021284288085637617,0.021284288085637617
PGLS,M05,0.03238001233795929,-0.03238001233795929
DCXR,M05,0.023497349155687415,-0.023497349155687415
IQGAP2,M08,0.017932847935434117,0.017932847935434117
TSHZ3,M02,0.023972386862068755,0.023972386862068755
CSNK1D,M02,0.020208032903856515,0.020208032903856515
PRDX6,M05,0.023291221624198475,0.023291221624198475
SMCHD1,M07,0.023381504488700997,-0.023381504488700997
SLC8B1,M01,0.01840019467196325,-0.01840019467196325
MRPL54,M05,0.021339903926066994,-0.021339903926066994
DIP2B,M04,0.02281349893461622,-0.02281349893461622
TECPR1,M05,0.02358389613427293,-0.02358389613427293
AKR7A2,M02,0.02025491861455209,-0.02025491861455209
BIRC3,M06,0.027002693437496977,-0.027002693437496977
UCKL1,M02,0.027760718745724167,-0.027760718745724167
NAP1L4,M02,0.023957935607512283,-0.023957935607512283
POLE3,M02,0.026620482875224907,-0.026620482875224907
LY6G6F,M04,0.015903656262098588,0.015903656262098588
HS1BP3,M02,0.02205541152613096,0.02205541152613096
GNG7,M08,0.03854370023387038,-0.03854370023387038
CPQ,M02,0.025580974680539447,0.025580974680539447
RNPEP,M06,0.023540200672944718,0.023540200672944718
NXF1,M07,0.025969187235775848,-0.025969187235775848
MVP,M01,0.02010965526990223,-0.02010965526990223
CDK19,M02,0.025489936040581262,0.025489936040581262
HIST3H2A,M07,0.018920995035264454,-0.018920995035264454
CD53,M02,0.025842994368895176,0.025842994368895176
RAB7A,M03,0.0290801887016093,-0.0290801887016093
CHMP2B,M01,0.020527453938316106,0.020527453938316106
ATF5,M06,0.0315413834451022,0.0315413834451022
ANKRD10,M03,0.02383591611237135,0.02383591611237135
SSH3,M01,0.01876156351848157,-0.01876156351848157
ARL2BP,M01,0.019135095925399262,0.019135095925399262
PLCXD1,M02,0.013000751612560325,-0.013000751612560325
PIM2,M08,0.02531542785808905,-0.02531542785808905
NGLY1,M03,0.018704653274204716,0.018704653274204716
EIF5B,M04,0.024600862645883972,0.024600862645883972
APEX1,M02,0.03166152401552044,-0.03166152401552044
TMX3,M07,0.02521288348344405,-0.02521288348344405
NLRP2,M04,0.011485558873719713,-0.011485558873719713
KHSRP,M01,0.021214506279707585,-0.021214506279707585
GYPE,M04,0.03485548537868845,0.03485548537868845
SRSF4,M04,0.03573353065486064,-0.03573353065486064
ASPSCR1,M03,0.02053194556176957,0.02053194556176957
KIAA2013,M01,0.018914890091513765,-0.018914890091513765
ST8SIA4,M03,0.02015064466935751,-0.02015064466935751
SCGB3A1,M04,0.007253866132712166,-0.007253866132712166
FKBP1A,M03,0.02107651966929557,-0.02107651966929557
GATA2,M04,0.01856343124649699,-0.01856343124649699
RFX2,M06,0.018468342313294868,-0.018468342313294868
PFN1,M07,0.03258658462262589,0.03258658462262589
CANX,M07,0.032851516563706246,-0.032851516563706246
TOR1B,M06,0.024507401782190342,0.024507401782190342
DCAF7,M05,0.031208358033668598,0.031208358033668598
MTCH1,M04,0.03661139637954258,-0.03661139637954258
SUCLG2,M03,0.02784248355490236,0.02784248355490236
SLC27A1,M05,0.019153254087548297,-0.019153254087548297
NELFCD,M03,0.03460832554935008,0.03460832554935008
KIR3DL2,M04,0.02080509221636218,0.02080509221636218
PSMB7,M05,0.028804386925152244,-0.028804386925152244
ICOS,M01,0.020766150794969736,0.020766150794969736
GIMAP2,M01,0.021087256188521676,0.021087256188521676
SKP1,M03,0.022737088489228726,-0.022737088489228726
CPT1B,M07,0.02435546734489394,-0.02435546734489394
TBPL1,M07,0.024857651235401377,-0.024857651235401377
CTDNEP1,M01,0.015771367137406105,-0.015771367137406105
GNB2,M05,0.02139566251542758,-0.02139566251542758
SRF,M03,0.020932546537855756,-0.020932546537855756
NAGPA,M02,0.021131795261979096,-0.021131795261979096
UBE2L6,M06,0.05109723731469873,0.05109723731469873
PCF11,M01,0.02240966794689292,0.02240966794689292
SRSF8,M05,0.04135659465571739,0.04135659465571739
CHUK,M03,0.02516867024214426,-0.02516867024214426
TREM1,M05,0.023215954707427232,-0.023215954707427232
MICAL2,M05,0.032610460194925125,0.032610460194925125
DERL1,M01,0.020312561332560947,0.020312561332560947
SLC35E3,M04,0.026282946420689544,-0.026282946420689544
MEPCE,M05,0.02661759964135579,-0.02661759964135579
MGMT,M03,0.031401423766972004,0.031401423766972004
COA5,M01,0.02253246153329765,0.02253246153329765
ZFP90,M08,0.016696385329709636,0.016696385329709636
TM9SF4,M03,0.024651516706841972,0.024651516706841972
GGPS1,M01,0.02379879145152638,0.02379879145152638
SESN1,M06,0.022996366401452202,-0.022996366401452202
EMC4,M02,0.020515280150978376,-0.020515280150978376
PRRC2C,M04,0.03396797269968669,-0.03396797269968669
MTF2,M03,0.03313925378529486,0.03313925378529486
NFU1,M01,0.021716915529892793,0.021716915529892793
MTX1,M05,0.02286671621637919,-0.02286671621637919
NECAP1,M04,0.023878511460350336,-0.023878511460350336
PKM,M01,0.0226187197330063,-0.0226187197330063
RHBDL2,M05,0.03303369667868205,-0.03303369667868205
BSCL2,M01,0.020193396223564388,-0.020193396223564388
SH2B2,M05,0.024154430798481143,-0.024154430798481143
ZBTB20,M06,0.03447535564978338,-0.03447535564978338
GTF2F1,M01,0.01928127630745046,-0.01928127630745046
ARCN1,M07,0.023503641387657842,0.023503641387657842
ERO1A,M03,0.018346786257803272,-0.018346786257803272
DCTN5,M02,0.021926934722385365,-0.021926934722385365
DDX56,M02,0.02640209022209574,-0.02640209022209574
C19orf70,M05,0.0283674866377988,-0.0283674866377988
COPA,M04,0.027833173881140764,-0.027833173881140764
MED12,M01,0.02213407206697626,-0.02213407206697626
PPCS,M01,0.02368632122369887,0.02368632122369887
DNAJC7,M06,0.02975360631749083,0.02975360631749083
PRR14,M04,0.019194419071244646,-0.019194419071244646
IKBKE,M02,0.022337053619030822,-0.022337053619030822
RELB,M08,0.02273448402627522,-0.02273448402627522
CDS2,M03,0.02900586934801417,-0.02900586934801417
GALM,M08,0.015222088563960226,-0.015222088563960226
ULK1,M06,0.02443759512151792,-0.02443759512151792
PTGDR,M08,0.05736278562098289,0.05736278562098289
SLC40A1,M02,0.02582745177897811,0.02582745177897811
RNASEH1,M03,0.018957481956174863,0.018957481956174863
NOP56,M03,0.04410432607584041,0.04410432607584041
RPL19,M03,0.021931291281505973,0.021931291281505973
GRB2,M07,0.032203465373264115,0.032203465373264115
SAE1,M02,0.02764347630947924,-0.02764347630947924
TGM2,M04,0.0318577919777526,0.0318577919777526
MLEC,M03,0.020886636245033813,0.020886636245033813
OPLAH,M07,0.01762622349921811,-0.01762622349921811
TSPOAP1,M08,0.05535166312977177,0.05535166312977177
MED30,M03,0.024854766924857406,-0.024854766924857406
PGK1,M05,0.024417990392215694,0.024417990392215694
MCEE,M01,0.024533501130672052,0.024533501130672052
NISCH,M03,0.025335507084635046,0.025335507084635046
OCIAD2,M02,0.023943223630921984,-0.023943223630921984
PHB2,M03,0.031215226287806958,0.031215226287806958
LYST,M02,0.026735991099561457,0.026735991099561457
LOC100419583,M06,0.021033938572977928,0.021033938572977928
RBM5,M04,0.03929337922471084,-0.03929337922471084
SRBD1,M06,0.019242572351824656,0.019242572351824656
SAP30,M02,0.021157967548404412,0.021157967548404412
METTL22,M04,0.02995569181114044,0.02995569181114044
GALK1,M07,0.019581012367476554,-0.019581012367476554
MAP2K1,M04,0.03019227279519449,-0.03019227279519449
NAB1,M07,0.022883535952622523,-0.022883535952622523
MEF2C,M07,0.03855409347802467,-0.03855409347802467
CASP5,M06,0.022144442801889392,0.022144442801889392
NCKAP1L,M06,0.026023379825335376,0.026023379825335376
KLHL8,M05,0.03001394189642598,-0.03001394189642598
AKAP13,M04,0.020161898784077297,-0.020161898784077297
WDR45,M04,0.030878356674576064,0.030878356674576064
CLEC7A,M02,0.021614227983674465,0.021614227983674465
EIF3K,M03,0.032499027444754545,0.032499027444754545
DUSP12,M01,0.023699057569313238,0.023699057569313238
WNK1,M05,0.03843893590624743,0.03843893590624743
PPWD1,M01,0.02403559062877819,0.02403559062877819
DRAM2,M01,0.023427255118163064,0.023427255118163064
KLF13,M07,0.040766675301690584,0.040766675301690584
MIS12,M01,0.022862874714159213,0.022862874714159213
HLA-B,M04,0.02921701129040962,-0.02921701129040962
PTOV1,M06,0.021515442031700745,-0.021515442031700745
FAM43A,M04,0.025605954464568453,-0.025605954464568453
PID1,M06,0.033396102910778776,0.033396102910778776
ANXA11,M06,0.021137779508916137,-0.021137779508916137
RDH13,M02,0.02090982588169088,-0.02090982588169088
EFTUD2,M06,0.027980588073607062,0.027980588073607062
NKX3-1,M03,0.01193228978178033,0.01193228978178033
MYL9,M04,0.01772120886811337,0.01772120886811337
CTSO,M03,0.02482244617392014,0.02482244617392014
SEC11C,M01,0.019928252877973868,0.019928252877973868
SRM,M02,0.021119706481657556,-0.021119706481657556
TAX1BP3,M01,0.019360243764230754,-0.019360243764230754
UNC13D,M05,0.024769056902227325,-0.024769056902227325
MAP1LC3B,M05,0.022453273333511527,0.022453273333511527
DAB2,M01,0.015824213492808062,-0.015824213492808062
SLC25A5,M06,0.02496021189140503,0.02496021189140503
ZBTB4,M03,0.03539778006174129,0.03539778006174129
APRT,M02,0.031247477511391238,-0.031247477511391238
CCDC12,M02,0.02908305509311912,-0.02908305509311912
BNIP3,M06,0.02381022479425262,-0.02381022479425262
KLHL3,M06,0.03376078311273262,-0.03376078311273262
RAB11FIP5,M08,0.04618125068052942,0.04618125068052942
VPS18,M01,0.02195875194131135,-0.02195875194131135
PHGDH,M08,0.015022970750075809,-0.015022970750075809
DOCK5,M02,0.01799383992950636,0.01799383992950636
FDFT1,M05,0.02920759362743938,0.02920759362743938
RIPK2,M03,0.025810829626355856,-0.025810829626355856
CALR,M06,0.022952988787039733,0.022952988787039733
PIPSL,M04,0.025402759917176207,0.025402759917176207
RPL18A,M02,0.029799669699140302,-0.029799669699140302
DBNL,M01,0.02125828117916145,-0.02125828117916145
XAB2,M01,0.019105502149567553,-0.019105502149567553
RNASEL,M02,0.027260291777029325,0.027260291777029325
GM2A,M06,0.016760750496982703,0.016760750496982703
POU2AF1,M08,0.0427171301733501,-0.0427171301733501
LGALS2,M06,0.022226648468541874,0.022226648468541874
CCS,M04,0.021355161324817535,0.021355161324817535
TXLNA,M03,0.03586952352999441,0.03586952352999441
P4HB,M04,0.02450455660430433,-0.02450455660430433
SF3A3,M02,0.0247755775441453,-0.0247755775441453
DRAP1,M06,0.030727502427762357,0.030727502427762357
BBX,M03,0.022062773357486926,0.022062773357486926
CLK4,M01,0.023526188385890184,0.023526188385890184
SLC25A1,M01,0.018800359736478218,-0.018800359736478218
VMA21,M01,0.02185334621286559,0.02185334621286559
SLC25A38,M04,0.02217575828823091,0.02217575828823091
C1orf131,M01,0.02124256736196162,0.02124256736196162
RTP5,M08,0.051856434191462485,0.051856434191462485
CARD19,M03,0.021572526282204334,-0.021572526282204334
TPRG1L,M07,0.020842935026144586,0.020842935026144586
NME3,M07,0.03540369268252526,-0.03540369268252526
CSE1L,M01,0.022623563853621152,0.022623563853621152
PLVAP,M04,0.021487718796857166,0.021487718796857166
SEMA6B,M04,0.033582079176388335,0.033582079176388335
TUFM,M04,0.014288130829389418,-0.014288130829389418
ADCY4,M05,0.023165822439852782,-0.023165822439852782
EXO5,M03,0.03005091790704095,0.03005091790704095
LDLR,M06,0.017179762459958683,0.017179762459958683
LAPTM5,M07,0.0444798406816338,0.0444798406816338
TMCO3,M03,0.02828950611484837,-0.02828950611484837
MORF4L2,M03,0.019133798185511232,-0.019133798185511232
USP3,M04,0.022651916691870215,-0.022651916691870215
C20orf27,M06,0.022202164589432867,0.022202164589432867
SHOC2,M02,0.022225148735636996,0.022225148735636996
SCAF4,M03,0.022550721941077705,0.022550721941077705
GPR162,M05,0.01542291816468137,-0.01542291816468137
CENPB,M02,0.02786006237954431,-0.02786006237954431
PBX2,M02,0.022505229379522318,0.022505229379522318
TRIP4,M03,0.023099278266276273,-0.023099278266276273
LOC100505715,M08,0.03208659232802733,-0.03208659232802733
NFKB1,M08,0.03619664303916978,-0.03619664303916978
JAK2,M01,0.021646286336059455,0.021646286336059455
DNAJC15,M01,0.02252351807716497,0.02252351807716497
AKR1D1,M03,0.03142819493945688,0.03142819493945688
METTL21A,M05,0.030877930113006415,-0.030877930113006415
MPC2,M04,0.02674788195431334,0.02674788195431334
PWP1,M02,0.024805602420699308,-0.024805602420699308
FCRL6,M08,0.060827733779484666,0.060827733779484666
LCP1,M04,0.022866388653388376,-0.022866388653388376
ZNF428,M03,0.022900915806505696,0.022900915806505696
CYP4F22,M06,0.018453443533090388,0.018453443533090388
ECHS1,M02,0.02101184555031679,-0.02101184555031679
CARNS1,M08,0.028554691652687578,0.028554691652687578
TMBIM1,M02,0.015963390900473873,0.015963390900473873
TLE4,M03,0.021533449961867047,-0.021533449961867047
MCM3,M07,0.027748152156870258,0.027748152156870258
DNM2,M01,0.023651614075608684,-0.023651614075608684
SLC27A3,M06,0.030118103397900737,0.030118103397900737
KIAA0391,M01,0.016684421394145686,0.016684421394145686
RPS12,M04,0.021428393790612267,0.021428393790612267
B9D2,M05,0.020846467143844555,-0.020846467143844555
CREB5,M02,0.02914361213309511,0.02914361213309511
DERA,M06,0.02784444336821685,0.02784444336821685
ARSG,M01,0.016372413305877378,-0.016372413305877378
MRPL50,M01,0.022727743467172313,0.022727743467172313
SDF2L1,M02,0.024731875546473665,-0.024731875546473665
RAC2,M07,0.02167781579953824,0.02167781579953824
MICB,M06,0.01777490629563,0.01777490629563
GSDMD,M05,0.026713278813671658,-0.026713278813671658
PNKP,M05,0.03015914670716682,-0.03015914670716682
TAP2,M06,0.024352853533750125,0.024352853533750125
HNRNPUL1,M07,0.03351388647350317,0.03351388647350317
PELO,M03,0.02050610650410272,-0.02050610650410272
CPSF1,M02,0.01553433166110522,-0.01553433166110522
UBR2,M02,0.02362353341118958,0.02362353341118958
IRX1,M04,0.021545158098306216,0.021545158098306216
DNASE2,M05,0.01577001680578485,0.01577001680578485
ZNF512,M02,0.020921445750347604,-0.020921445750347604
CRAT,M04,0.022627174160297418,0.022627174160297418
FSCN1,M08,0.018038470117040555,-0.018038470117040555
MARCO,M06,0.02555962722342566,0.02555962722342566
PCBP2,M05,0.04423718553213405,0.04423718553213405
TAF12,M03,0.03140516698925181,-0.03140516698925181
MED28,M01,0.021299597996781584,0.021299597996781584
MCM5,M07,0.019924481275434617,0.019924481275434617
RPUSD4,M02,0.020787828731837845,-0.020787828731837845
FKBP14,M05,0.030040372736281334,-0.030040372736281334
ORAI1,M01,0.017007589054655537,-0.017007589054655537
CDC16,M03,0.025984002111485462,0.025984002111485462
GNG5,M06,0.02673803389311973,0.02673803389311973
SMIM19,M01,0.02337643039429126,0.02337643039429126
TNS3,M06,0.03681831273846112,0.03681831273846112
OSBPL2,M02,0.030511555509679808,0.030511555509679808
YIF1B,M03,0.030614489299222926,0.030614489299222926
NPHP3,M04,0.031209963656645343,-0.031209963656645343
PRKD2,M03,0.023103028277152875,0.023103028277152875
SLC6A6,M02,0.022037122959598685,0.022037122959598685
PSMB9,M06,0.029705689088576515,0.029705689088576515
ASF1B,M07,0.029913854295685122,0.029913854295685122
SNAP23,M02,0.028683946365407213,0.028683946365407213
M6PR,M06,0.0232804247817601,0.0232804247817601
ETV6,M02,0.021735849333214183,0.021735849333214183
ZFAND3,M07,0.01959489975972625,0.01959489975972625
PRDX4,M04,0.023313349948448015,0.023313349948448015
ATP6V0E1,M03,0.029168920361534505,-0.029168920361534505
BCKDHA,M06,0.022780710866987082,0.022780710866987082
NUCB2,M07,0.02181154150530535,0.02181154150530535
DNAJA3,M04,0.024306477515186446,-0.024306477515186446
SMG5,M03,0.02100464492353311,0.02100464492353311
TNFRSF14,M07,0.03561167701265778,-0.03561167701265778
DNAJC5,M03,0.02165657476749526,-0.02165657476749526
TTC17,M05,0.023132199038688513,-0.023132199038688513
ZNF524,M05,0.028078578218144714,-0.028078578218144714
CNPY3,M05,0.019197234890298325,-0.019197234890298325
TFF3,M08,0.010156798382040515,0.010156798382040515
RALY,M07,0.030371595112320692,0.030371595112320692
HSPBAP1,M02,0.020866361717136298,0.020866361717136298
NPTN,M02,0.023026259434631293,0.023026259434631293
RSBN1L,M02,0.023767205703804306,0.023767205703804306
ORC6,M03,0.03238049677866607,0.03238049677866607
PAIP2,M03,0.02151767917689078,-0.02151767917689078
TRIM51,M07,0.009201471887159252,0.009201471887159252
MEGF9,M02,0.03133646007424737,0.03133646007424737
MFNG,M04,0.021529443920868425,-0.021529443920868425
CXCR3,M03,0.02105579894835549,0.02105579894835549
COL8A2,M08,0.018974199319233203,-0.018974199319233203
SNORD14A,M05,0.012179621317264716,0.012179621317264716
MILR1,M06,0.029578793820731798,0.029578793820731798
RTFDC1,M03,0.03389439883779614,-0.03389439883779614
CSF2RB,M07,0.022901369917106368,0.022901369917106368
TOMM70,M01,0.018209486392145497,0.018209486392145497
MRPS10,M03,0.024358331023347616,0.024358331023347616
ANKRD55,M08,0.025723831608776525,-0.025723831608776525
TLR7,M06,0.03783894488614602,0.03783894488614602
STK11,M04,0.023890188735619246,0.023890188735619246
EXOG,M06,0.041396162976027516,0.041396162976027516
RFX1,M07,0.0351694058962871,0.0351694058962871
KMT2A,M03,0.022844216499587327,0.022844216499587327
FICD,M05,0.021012503697979218,-0.021012503697979218
MPEG1,M06,0.03869354689945453,0.03869354689945453
IKBKG,M04,0.022905617380029237,-0.022905617380029237
FAM214A,M01,0.02278614800369754,0.02278614800369754
COMMD4,M06,0.021499853862971516,0.021499853862971516
LBHD1,M05,0.02718257809789985,-0.02718257809789985
TUG1,M07,0.03420326907175511,-0.03420326907175511
TOB1,M06,0.031030326231841314,-0.031030326231841314
EBNA1BP2,M02,0.02453004486727493,-0.02453004486727493
CWC27,M07,0.025889521528684,0.025889521528684
TBC1D9,M03,0.021289266743249168,0.021289266743249168
CARD11,M03,0.029416244932090004,0.029416244932090004
WDR46,M02,0.027133410236439674,-0.027133410236439674
ABCD1,M05,0.023411333323542508,-0.023411333323542508
YRDC,M03,0.031517105092169075,0.031517105092169075
H1FX,M02,0.022321574470139688,-0.022321574470139688
ZBTB16,M08,0.01936548501673863,0.01936548501673863
TIMM22,M02,0.025679719375947783,-0.025679719375947783
CYC1,M06,0.030509629281865472,0.030509629281865472
BUD31,M04,0.029079070424107525,0.029079070424107525
GUSB,M02,0.022680252302398295,-0.022680252302398295
SAT2,M03,0.035908786226231934,0.035908786226231934
LTA,M08,0.029872376141562,-0.029872376141562
PLEKHM2,M01,0.020463063926859863,-0.020463063926859863
VAV3,M08,0.01202403380008849,0.01202403380008849
RNASEK,M05,0.02096701854215593,-0.02096701854215593
PLP2,M05,0.013705602786012915,-0.013705602786012915
TWF2,M03,0.022510006435273223,-0.022510006435273223
TCF25,M08,0.025074099493619086,0.025074099493619086
CD47,M01,0.023109524013298518,0.023109524013298518
KLHL22,M06,0.027097499423489633,-0.027097499423489633
ACTR1A,M01,0.02292976455214085,-0.02292976455214085
GTF3C1,M08,0.04314693631829596,0.04314693631829596
PCSK1N,M04,0.021460395720149163,0.021460395720149163
MTMR9,M01,0.0228086625445711,0.0228086625445711
ARAF,M01,0.02311227950001628,-0.02311227950001628
CLK3,M03,0.02320810306420159,-0.02320810306420159
CBR4,M01,0.022760234117028648,0.022760234117028648
SPEN,M04,0.028633818040968557,-0.028633818040968557
TMEM267,M03,0.03934941020047147,0.03934941020047147
ABCC13,M04,0.03291504140464794,0.03291504140464794
ACAA1,M03,0.029019082894481255,-0.029019082894481255
DRG1,M02,0.021097326243358056,-0.021097326243358056
IDH3B,M02,0.02158063663167936,-0.02158063663167936
TBC1D4,M01,0.02086611422740145,0.02086611422740145
CERS5,M04,0.014381990764698774,-0.014381990764698774
MYCBP2,M08,0.028145378148684373,-0.028145378148684373
PSMA2,M01,0.02394143854395657,0.02394143854395657
SNRNP40,M02,0.02985296230061403,-0.02985296230061403
UIMC1,M05,0.02682552534275429,-0.02682552534275429
PXN,M02,0.023649560298172674,0.023649560298172674
RAP2C,M02,0.019272467198816538,0.019272467198816538
COPG1,M01,0.02019264908958526,-0.02019264908958526
RPS15,M03,0.04288322236386746,0.04288322236386746
S100A9,M02,0.025435869541687365,0.025435869541687365
SRP72,M01,0.02224803717912107,0.02224803717912107
TMEM245,M07,0.02440320607771761,-0.02440320607771761
ATP6AP1L,M04,0.02447259208134153,0.02447259208134153
NOL7,M03,0.024026500656646858,0.024026500656646858
TSC22D3,M07,0.025629962142420498,0.025629962142420498
APBA3,M01,0.020781946221770743,-0.020781946221770743
COMMD10,M01,0.025754580520824164,0.025754580520824164
CMAS,M03,0.021415065846789986,-0.021415065846789986
ZMYND11,M01,0.02290146227552431,0.02290146227552431
ZNF106,M03,0.028973458699521205,-0.028973458699521205
OSGIN2,M02,0.022047765656647844,0.022047765656647844
GK5,M08,0.04572483258093445,0.04572483258093445
GMEB2,M04,0.028110246644443334,-0.028110246644443334
EIF4EBP2,M05,0.030090544903001972,0.030090544903001972
BTBD10,M01,0.019584945311923202,0.019584945311923202
RPL34,M05,0.02285248798920429,-0.02285248798920429
RBBP7,M03,0.03311009170982875,0.03311009170982875
IDH2,M06,0.04033878190914832,0.04033878190914832
AHSA2,M03,0.024413230141366916,0.024413230141366916
RBM14,M02,0.023346759110235794,-0.023346759110235794
CHTOP,M04,0.02339640658296741,-0.02339640658296741
GPR108,M05,0.02167679720748837,-0.02167679720748837
SNRPB,M02,0.025347648764563014,-0.025347648764563014
SLC25A51,M03,0.03645314928401434,0.03645314928401434
PSMB2,M06,0.03714456226527929,0.03714456226527929
MMS19,M02,0.024442426140456244,-0.024442426140456244
EPHB6,M08,0.022819955685085897,-0.022819955685085897
EPHB4,M06,0.019509797425234243,-0.019509797425234243
RBM39,M05,0.029666407157608456,-0.029666407157608456
CREBBP,M07,0.030584560283843487,0.030584560283843487
ALG5,M03,0.022241982916047,0.022241982916047
ACSS1,M02,0.02353263891590095,-0.02353263891590095
XPC,M07,0.03849366420065697,0.03849366420065697
EIF3M,M01,0.02230722489556404,0.02230722489556404
TMEM51,M06,0.03594807209081241,0.03594807209081241
BATF2,M06,0.03695570294729868,0.03695570294729868
EMD,M02,0.018141210773726265,-0.018141210773726265
AKAP8L,M01,0.02066687514114144,-0.02066687514114144
NENF,M05,0.02615883866529481,-0.02615883866529481
CCNI,M05,0.03610901673498656,0.03610901673498656
USP15,M07,0.03168525589075717,-0.03168525589075717
SCYL1,M02,0.017829734739909144,0.017829734739909144
FAR2,M02,0.027255482094532425,0.027255482094532425
RBM22,M04,0.03749533128395988,-0.03749533128395988
SUSD1,M06,0.0330383267859229,0.0330383267859229
ARL5A,M07,0.036726066734964584,-0.036726066734964584
RNF13,M02,0.02180192640853737,0.02180192640853737
TNFAIP3,M08,0.03265565462923838,0.03265565462923838
FOXJ3,M04,0.030162151037799848,-0.030162151037799848
TMUB1,M01,0.017044058119906412,-0.017044058119906412
RPP21,M02,0.033321814653996584,-0.033321814653996584
CNOT3,M07,0.02578616152943005,0.02578616152943005
TCTA,M04,0.02089758437822428,0.02089758437822428
HSPA1L,M04,0.02865087049956616,-0.02865087049956616
PABPN1,M04,0.030431012814517804,-0.030431012814517804
ATF6,M03,0.0200008958616607,-0.0200008958616607
EIF3I,M02,0.026295444772983557,-0.026295444772983557
MRPL13,M01,0.01991884819805958,0.01991884819805958
TRAPPC12,M04,0.025182309070449032,-0.025182309070449032
DSCAM,M04,0.02353964724746254,0.02353964724746254
ISLR,M04,0.023857698127484197,0.023857698127484197
GAPDH,M06,0.032460791832131144,0.032460791832131144
ARPC5L,M08,0.03594873456786324,0.03594873456786324
TBC1D2,M06,0.025741578758270853,0.025741578758270853
TMEM147,M02,0.028897715112155713,-0.028897715112155713
TRIM44,M08,0.027206514848714832,-0.027206514848714832
GRK6,M01,0.02000243424515165,-0.02000243424515165
FIBCD1,M04,0.021183810712480062,0.021183810712480062
H2AFJ,M04,0.019948076606401487,0.019948076606401487
IBTK,M01,0.02302888066835774,0.02302888066835774
PICALM,M02,0.0301042843103352,0.0301042843103352
PELP1,M03,0.03846760099387837,0.03846760099387837
KRCC1,M01,0.021508816291621376,0.021508816291621376
FHOD1,M07,0.020028984408337402,-0.020028984408337402
SQRDL,M06,0.031134137434489364,0.031134137434489364
ZNF672,M01,0.01895929221300588,-0.01895929221300588
MAPKAPK3,M06,0.025175082159092865,0.025175082159092865
LXN,M01,0.019818814895568096,0.019818814895568096
COTL1,M06,0.014503043486962595,0.014503043486962595
NUDT15,M04,0.024321225448231256,0.024321225448231256
DAD1,M02,0.022223512023423937,-0.022223512023423937
CCPG1,M01,0.020178424827252964,0.020178424827252964
ATXN2,M06,0.017661970153024797,-0.017661970153024797
LSM4,M02,0.0267952773559215,-0.0267952773559215
PCM1,M01,0.021387536058023234,0.021387536058023234
SLC22A15,M02,0.02564697926082413,0.02564697926082413
LLGL1,M02,0.020512999489580505,-0.020512999489580505
CD44,M05,0.030491526147258183,0.030491526147258183
ADSS,M01,0.021989765290522736,0.021989765290522736
RAB22A,M07,0.02083282360467493,0.02083282360467493
SERPING1,M06,0.03739148600799346,0.03739148600799346
RAD21,M07,0.02922219534077972,0.02922219534077972
CCP110,M01,0.018476927595015326,0.018476927595015326
KLC3,M04,0.027136617237575142,0.027136617237575142
LRFN3,M02,0.021306503860043128,-0.021306503860043128
FNTA,M04,0.022048450312535346,-0.022048450312535346
SRP54,M07,0.020468855874818767,0.020468855874818767
XRCC2,M05,0.036016761117185415,-0.036016761117185415
C1QBP,M02,0.02442452996089284,-0.02442452996089284
PPP1R14B,M06,0.020082089676985427,-0.020082089676985427
SIRT1,M01,0.020476188277504304,0.020476188277504304
ARHGEF2,M01,0.021302413878373904,-0.021302413878373904
YARS,M03,0.0272936606040683,0.0272936606040683
CEBPG,M01,0.02129607807118948,0.02129607807118948
MRPL53,M04,0.035838810426699265,0.035838810426699265
SRPRA,M07,0.029267226549682106,0.029267226549682106
HSPA14,M01,0.023756781434213847,0.023756781434213847
PTP4A3,M07,0.02191436422232113,0.02191436422232113
DDX41,M01,0.01994914907744891,-0.01994914907744891
MED10,M02,0.02171012473297606,-0.02171012473297606
CXCL10,M06,0.031147067513394744,0.031147067513394744
COX6B1,M03,0.02113564224747063,-0.02113564224747063
ZRANB1,M04,0.024987837822973157,0.024987837822973157
CDKN1A,M08,0.017337824856655915,-0.017337824856655915
CHMP1A,M01,0.0203615258516225,-0.0203615258516225
BRAT1,M04,0.014176179689761238,-0.014176179689761238
EPB41,M05,0.04014240980450119,0.04014240980450119
C17orf97,M08,0.01348779853738178,-0.01348779853738178
HNRNPA1P33,M03,0.022325841546084062,0.022325841546084062
DYNC1LI2,M03,0.022901959987957375,-0.022901959987957375
CNIH1,M07,0.027871474032183374,-0.027871474032183374
KANSL1,M03,0.03005918770724403,0.03005918770724403
PSMB10,M06,0.043847934043341266,0.043847934043341266
RPGRIP1,M02,0.02094106629117244,0.02094106629117244
BUB3,M01,0.02485451946114381,0.02485451946114381
VPS39,M01,0.021794568214874556,-0.021794568214874556
ALG6,M01,0.02075716046827857,0.02075716046827857
BORCS7,M05,0.019773208310636687,-0.019773208310636687
RPA1,M07,0.031132577531489875,0.031132577531489875
NAXE,M02,0.028379837511855355,-0.028379837511855355
SCIMP,M06,0.05307057376558652,0.05307057376558652
TMEM120A,M05,0.031703098759994865,-0.031703098759994865
WASL,M01,0.023338421666506633,0.023338421666506633
CAMK2N1,M08,0.031991313155469804,0.031991313155469804
BRMS1,M05,0.028755264465129195,-0.028755264465129195
ZNF692,M06,0.023230556233792703,-0.023230556233792703
ZNF562,M03,0.02304391769896131,0.02304391769896131
EGLN1,M02,0.028712481195413045,0.028712481195413045
MRPL57,M05,0.0360970686331786,-0.0360970686331786
CCDC92,M02,0.022739731201677972,-0.022739731201677972
SLC25A28,M07,0.027474381861625298,-0.027474381861625298
SLAMF1,M02,0.019330921594972784,-0.019330921594972784
GNPDA1,M06,0.0305608377737389,0.0305608377737389
RAB24,M07,0.037663508696313526,-0.037663508696313526
RHBDF2,M06,0.030876100582221577,0.030876100582221577
TOPBP1,M03,0.022869057420852056,0.022869057420852056
DKC1,M07,0.024086215011332637,0.024086215011332637
URM1,M02,0.027556255862392572,-0.027556255862392572
TAF4,M04,0.03483161563781832,-0.03483161563781832
ST3GAL4,M05,0.02180229810298797,-0.02180229810298797
ABCF1,M02,0.02441438499394617,-0.02441438499394617
AAR2,M02,0.02836887386691328,-0.02836887386691328
ZNF689,M03,0.020774973142709364,0.020774973142709364
PHACTR2,M04,0.02663649698387028,-0.02663649698387028
WDR36,M07,0.03366026940662769,-0.03366026940662769
PDLIM7,M03,0.019087900306691562,-0.019087900306691562
NFS1,M08,0.06883643725994085,0.06883643725994085
WAPL,M01,0.02136928425599436,0.02136928425599436
GOLGA3,M03,0.023346792718404074,0.023346792718404074
NFYC,M01,0.020181513911473402,-0.020181513911473402
WDR18,M02,0.0225542478069478,-0.0225542478069478
MOB2,M04,0.02228821636181169,0.02228821636181169
FZD2,M06,0.03721293312154225,0.03721293312154225
REPS2,M02,0.03010106270492703,0.03010106270492703
CTSH,M06,0.04116412836833632,0.04116412836833632
DPCD,M04,0.032815624802067275,0.032815624802067275
MRPS33,M07,0.02757136005038955,0.02757136005038955
RHEB,M01,0.01959118238631527,0.01959118238631527
DENR,M05,0.029311741010838506,-0.029311741010838506
SPOUT1,M02,0.027112229109464918,-0.027112229109464918
TMEM203,M02,0.029301271035564586,-0.029301271035564586
DNAJB6,M03,0.027319369700505223,-0.027319369700505223
LPCAT3,M02,0.017246996803450772,0.017246996803450772
NUP210,M03,0.023852250332828877,0.023852250332828877
GARS,M06,0.02700023163600458,0.02700023163600458
BCLAF1,M01,0.02624458588425222,0.02624458588425222
TAF15,M07,0.053890596253217966,0.053890596253217966
AP3B1,M05,0.02582513959556349,0.02582513959556349
COX4I1,M02,0.02742698741624175,-0.02742698741624175
PPP1CA,M07,0.0359990972801157,0.0359990972801157
PDCD6,M01,0.020733433820724456,0.020733433820724456
KIAA0355,M06,0.04363951445331641,-0.04363951445331641
TYMS,M06,0.01721079774963636,0.01721079774963636
SEPT6,M06,0.026941058716951936,-0.026941058716951936
AKAP3,M04,0.03038931499592457,0.03038931499592457
SRSF9,M04,0.03178760890271286,-0.03178760890271286
VTI1B,M04,0.03374204060255673,0.03374204060255673
SPAG7,M04,0.02757898099619786,0.02757898099619786
ST6GALNAC2,M02,0.02589807233262331,0.02589807233262331
NPLOC4,M01,0.020603845641776912,-0.020603845641776912
ARL16,M05,0.038037408984981216,-0.038037408984981216
FKBP15,M06,0.042286838306431644,0.042286838306431644
MAU2,M04,0.015878818469568776,-0.015878818469568776
VASP,M02,0.0256768393524955,0.0256768393524955
POLR2F,M05,0.03453082021046913,-0.03453082021046913
MKRN2,M04,0.020493282881296267,-0.020493282881296267
RPN1,M04,0.023406994978337113,-0.023406994978337113
TOM1,M01,0.01915927534447967,-0.01915927534447967
ARHGAP26,M05,0.042286685616157504,-0.042286685616157504
UBQLN4,M03,0.024964572545652708,0.024964572545652708
CDC123,M07,0.03842901022373278,0.03842901022373278
MPZL1,M07,0.020899454626234007,0.020899454626234007
ACPT,M04,0.025517459445096983,0.025517459445096983
PPM1M,M07,0.023124127059514086,-0.023124127059514086
PRDM8,M06,0.02005108501197776,-0.02005108501197776
ENO2,M02,0.027878623299331672,-0.027878623299331672
RHD,M04,0.02157628088158925,0.02157628088158925
TGOLN2,M07,0.02362672113474757,0.02362672113474757
DDOST,M03,0.03047188797813924,0.03047188797813924
CIDEB,M04,0.020250821594477088,-0.020250821594477088
TIMM10B,M04,0.01731199770893539,0.01731199770893539
PCNT,M08,0.035298806928838654,0.035298806928838654
PTTG1,M06,0.021493544439635973,0.021493544439635973
MRPL18,M06,0.023087729738471122,0.023087729738471122
COMMD1,M02,0.024281497974251845,-0.024281497974251845
EIF2B1,M02,0.024204395327803007,-0.024204395327803007
DENND4C,M05,0.02753620913110232,-0.02753620913110232
QARS,M02,0.026327144720185047,-0.026327144720185047
FBRSL1,M01,0.017796339764794104,-0.017796339764794104
SLC5A8,M05,0.04270128966164443,-0.04270128966164443
C8orf76,M04,0.018562313778520263,-0.018562313778520263
PRPF3,M03,0.026557691259176713,0.026557691259176713
CCDC28A,M07,0.02043137555478044,0.02043137555478044
ANXA2,M06,0.05774784925454625,0.05774784925454625
CCL23,M06,0.019758946411468706,0.019758946411468706
POGK,M02,0.02791923065203882,-0.02791923065203882
UBN1,M01,0.020494086358686638,-0.020494086358686638
FBXL13,M07,0.022483982534550886,0.022483982534550886
SNRPN,M07,0.02535034046919296,0.02535034046919296
MANBA,M02,0.02177176618055413,0.02177176618055413
MICU1,M06,0.02603577074359856,0.02603577074359856
RRAGC,M05,0.023271469690900604,-0.023271469690900604
WBSCR22,M02,0.030352680628203527,-0.030352680628203527
OAT,M03,0.029524568883343094,-0.029524568883343094
EPS15,M01,0.02302791397561003,0.02302791397561003
RGS14,M06,0.019067114025590717,-0.019067114025590717
KDELR2,M04,0.014519484243297314,-0.014519484243297314
TM7SF2,M04,0.02507515123377547,0.02507515123377547
EXOSC6,M02,0.022852342515150458,-0.022852342515150458
RBM6,M03,0.02934914580628694,0.02934914580628694
SNAPC4,M01,0.019657448814388592,-0.019657448814388592
PROSC,M04,0.022218743545592105,-0.022218743545592105
HBP1,M02,0.026605616539682072,0.026605616539682072
GABARAP,M04,0.02138090072203244,0.02138090072203244
BLOC1S6,M05,0.03371952763482009,-0.03371952763482009
VCP,M07,0.032236550150815,0.032236550150815
SLC4A5,M03,0.0295092868822988,0.0295092868822988
STK38,M07,0.02893758793903022,0.02893758793903022
GAB2,M02,0.03124683454171431,0.03124683454171431
ALKBH7,M05,0.034077789833339096,-0.034077789833339096
CWF19L1,M07,0.03955605145324375,-0.03955605145324375
RASGRP2,M06,0.032891158644217974,-0.032891158644217974
ANG,M06,0.027440843906336696,0.027440843906336696
HMGCS1,M01,0.023511800524563833,0.023511800524563833
ALKBH5,M05,0.02657736178396643,0.02657736178396643
CLN3,M01,0.0231479889249797,-0.0231479889249797
ADGRE1,M06,0.03328559614309891,0.03328559614309891
TALDO1,M03,0.02012371349228557,-0.02012371349228557
PRMT1,M07,0.037962914115539946,0.037962914115539946
CECR1,M06,0.035329851494559035,0.035329851494559035
CEACAM4,M02,0.019169256169239732,0.019169256169239732
HERC1,M05,0.03313243728067805,0.03313243728067805
CRCP,M03,0.036439214825545685,0.036439214825545685
KRT10,M02,0.02001143587292271,-0.02001143587292271
WIPI1,M02,0.01885945845773195,0.01885945845773195
KIAA0922,M08,0.020241676171815697,-0.020241676171815697
FGF23,M04,0.023646937459797096,0.023646937459797096
FADD,M02,0.024099568318656308,0.024099568318656308
ZNF622,M03,0.019745634491719878,0.019745634491719878
COBLL1,M08,0.035842804394088816,-0.035842804394088816
STEAP4,M02,0.02284600377024671,0.02284600377024671
SNX10,M02,0.025797378124907268,0.025797378124907268
FOXO3,M05,0.02371782831128547,0.02371782831128547
KIF2A,M01,0.021784277958786732,0.021784277958786732
ACAT2,M02,0.021000223751798646,-0.021000223751798646
ATXN7L3,M01,0.020845919571450537,-0.020845919571450537
PPP3CC,M08,0.028953892213153115,0.028953892213153115
HPS6,M04,0.018503791836761863,-0.018503791836761863
SAMD4B,M05,0.022967156511423413,-0.022967156511423413
DESI2,M08,0.024170011066232622,0.024170011066232622
SPSB2,M05,0.013847929092055978,-0.013847929092055978
PLEKHB1,M08,0.033989214120870984,-0.033989214120870984
FBXO31,M02,0.030010411587640097,-0.030010411587640097
SYNJ2BP,M05,0.03060224346249166,-0.03060224346249166
STOML2,M02,0.02065625002258549,-0.02065625002258549
LOC401554,M06,0.01131003533350895,-0.01131003533350895
H3F3AP4,M02,0.02742632705168469,0.02742632705168469
MAP4K2,M06,0.02353833159490053,-0.02353833159490053
DNAJC9,M02,0.02212805470889752,-0.02212805470889752
TATDN2,M03,0.03430029791839365,0.03430029791839365
ZNF791,M03,0.025051318819834273,0.025051318819834273
GTF3C5,M02,0.018738894535296067,-0.018738894535296067
SMPDL3A,M06,0.022886838858771703,0.022886838858771703
PSMC4,M07,0.03741541304397531,0.03741541304397531
CHKB,M07,0.02241145549787433,-0.02241145549787433
TPCN2,M01,0.016387800003169035,-0.016387800003169035
ACER3,M07,0.02574110507599164,-0.02574110507599164
CIC,M01,0.02064226505301388,-0.02064226505301388
ATP6V0B,M02,0.021187557014545624,0.021187557014545624
AP2A1,M04,0.028269743554965848,0.028269743554965848
TOPORS,M06,0.01824357163857552,-0.01824357163857552
DUSP5,M06,0.030656679502550258,0.030656679502550258
TMEM238,M05,0.03443745115413753,-0.03443745115413753
PFDN1,M02,0.02681284780397572,-0.02681284780397572
GLYR1,M03,0.0176795421847689,0.0176795421847689
ARID3B,M06,0.022811440140818384,-0.022811440140818384
PCIF1,M01,0.023642155869653486,-0.023642155869653486
C19orf35,M03,0.010726875981371151,-0.010726875981371151
DMTF1,M01,0.02259216989990803,0.02259216989990803
SLC35B3,M01,0.023558043741836763,0.023558043741836763
FUCA1,M06,0.024528641234859736,0.024528641234859736
MTMR4,M03,0.02797666900217609,0.02797666900217609
SPATS2L,M06,0.040114109794133344,0.040114109794133344
ADCK2,M02,0.026032825990211093,-0.026032825990211093
AKAP10,M07,0.012050501660038892,-0.012050501660038892
AP2S1,M06,0.027298773816519115,0.027298773816519115
TNFAIP8L1,M03,0.030020305472483185,0.030020305472483185
RNF181,M05,0.0307547706738103,-0.0307547706738103
SPINT2,M08,0.031358373620949676,-0.031358373620949676
ARSA,M01,0.017293942651011137,-0.017293942651011137
WDR73,M05,0.02357607421004665,-0.02357607421004665
SUMO2,M01,0.021198281851463698,0.021198281851463698
NSMCE1,M05,0.027879221053825926,-0.027879221053825926
ARMC1,M03,0.027783067766359408,0.027783067766359408
ARHGAP19,M02,0.021887522262680145,0.021887522262680145
PLAGL2,M06,0.025113216792883475,0.025113216792883475
NDUFA9,M06,0.03320680897076757,0.03320680897076757
UBAC1,M07,0.029701734384384074,-0.029701734384384074
UGCG,M07,0.029221743425298107,-0.029221743425298107
MRPS15,M02,0.023450831433701337,-0.023450831433701337
FXYD5,M02,0.02085382622970416,-0.02085382622970416
DEXI,M03,0.03546373511993387,0.03546373511993387
CYTIP,M03,0.02342463782948006,0.02342463782948006
POLG,M08,0.031073485559898337,0.031073485559898337
MSANTD4,M01,0.023456241233065493,0.023456241233065493
ATP1A1,M02,0.01942298845248564,-0.01942298845248564
RPL18,M02,0.021616588497443967,-0.021616588497443967
CSRP1,M06,0.025243342901851536,0.025243342901851536
CTDSP2,M07,0.038162684047295,0.038162684047295
SLFN11,M07,0.026519336345534432,-0.026519336345534432
SLC4A7,M07,0.0283470569154594,-0.0283470569154594
C19orf66,M07,0.026984357838674377,-0.026984357838674377
SAFB,M04,0.020166153122328646,-0.020166153122328646
WDR81,M01,0.012457042808495146,-0.012457042808495146
UBL5,M04,0.02626330034942568,0.02626330034942568
SPECC1L,M04,0.02407188939424298,-0.02407188939424298
APEH,M03,0.02359953850562195,0.02359953850562195
TFG,M04,0.019373706185640202,-0.019373706185640202
CALM3,M07,0.023892832425064285,0.023892832425064285
NBPF9,M01,0.015281776426974768,-0.015281776426974768
SLC38A1,M03,0.02753018162867336,0.02753018162867336
FAM127A,M06,0.022639405451238673,0.022639405451238673
PTTG1IP,M04,0.022860669827576636,-0.022860669827576636
HSD17B12,M08,0.01761684738644045,-0.01761684738644045
ITGB3,M02,0.01183947398482174,0.01183947398482174
RNF103,M06,0.02464547007483413,-0.02464547007483413
HELZ,M04,0.023020385671442024,-0.023020385671442024
PLGLB1,M04,0.012384427548398675,-0.012384427548398675
MYBPH,M05,0.022527842126596285,-0.022527842126596285
GLTSCR1,M05,0.03054970072600239,0.03054970072600239
RUNX3,M08,0.04797922820873169,0.04797922820873169
SNRNP25,M02,0.021546125401037366,-0.021546125401037366
CLDN15,M06,0.024737694089239978,-0.024737694089239978
RCBTB2,M01,0.019298165942880523,0.019298165942880523
PBX3,M03,0.02744018843189283,-0.02744018843189283
APAF1,M02,0.0306616544637746,0.0306616544637746
RING1,M03,0.025239788462794743,0.025239788462794743
RILP,M04,0.03387612408532421,0.03387612408532421
SEPT5,M01,0.015118717336600822,-0.015118717336600822
RAB9A,M08,0.02147624549733522,0.02147624549733522
TNPO2,M01,0.020130424975363877,-0.020130424975363877
TOMM34,M02,0.016629552361119414,-0.016629552361119414
NIPAL3,M02,0.030017174463557346,-0.030017174463557346
ZNF438,M02,0.023713979721111746,0.023713979721111746
CCZ1B,M01,0.01631539730606456,0.01631539730606456
KLHL2,M02,0.025201989350153324,0.025201989350153324
GHDC,M07,0.021003307394682574,-0.021003307394682574
IP6K1,M01,0.021621838126074405,-0.021621838126074405
RTP4,M06,0.044023638455735974,0.044023638455735974
CXorf38,M08,0.017722121912055307,-0.017722121912055307
RAB5B,M07,0.02888681654747286,0.02888681654747286
LAT2,M02,0.02539663769403551,0.02539663769403551
GFOD2,M04,0.021925880573846975,0.021925880573846975
LMNA,M04,0.019055607728936524,0.019055607728936524
PHPT1,M06,0.030187033893507177,0.030187033893507177
SPHK2,M04,0.020284207791074926,-0.020284207791074926
UGGT1,M01,0.0196427298674776,-0.0196427298674776
C11orf68,M03,0.02318833405167216,0.02318833405167216
ANKRD46,M01,0.023613085970021323,0.023613085970021323
SH2D5,M04,0.024081235498718705,0.024081235498718705
GPA33,M05,0.0225799565661023,0.0225799565661023
KXD1,M03,0.031818578094341646,0.031818578094341646
TIPARP,M04,0.02001193206359849,-0.02001193206359849
VPS52,M02,0.019211479881113942,-0.019211479881113942
FBXW5,M04,0.018244363386426984,0.018244363386426984
DDX51,M05,0.03958687240694211,-0.03958687240694211
RAB8A,M06,0.031165765362564445,0.031165765362564445
CDKN2AIPNL,M05,0.03773671211558225,-0.03773671211558225
NUP93,M06,0.029713134869376875,0.029713134869376875
CS,M07,0.02669187866972466,0.02669187866972466
DRAM1,M03,0.02773768544801849,-0.02773768544801849
PIK3AP1,M03,0.021246029107475955,0.021246029107475955
CMPK2,M06,0.027632928206469645,0.027632928206469645
BAG3,M08,0.036458993187576956,-0.036458993187576956
C16orf58,M02,0.024582576584153797,-0.024582576584153797
PCNX3,M01,0.022938184795802185,-0.022938184795802185
UBE2D3,M03,0.025376401013395625,-0.025376401013395625
C3orf62,M06,0.025158020626324905,-0.025158020626324905
FNTB,M03,0.019418381319549448,-0.019418381319549448
MPC1,M01,0.020311854361954318,0.020311854361954318
GTF2A2,M06,0.02153193570440324,0.02153193570440324
DDX23,M04,0.02553317661582432,-0.02553317661582432
GFRA4,M04,0.02700527732881946,0.02700527732881946
POLRMT,M02,0.019122945939133128,-0.019122945939133128
DDX50,M01,0.02323158230325202,0.02323158230325202
MYC,M08,0.052562477284933413,-0.052562477284933413
TTC31,M04,0.01981293604851627,-0.01981293604851627
CDC42EP4,M01,0.020082770330369808,-0.020082770330369808
KDM6A,M04,0.01944359513073797,-0.01944359513073797
METAP1,M04,0.02034325802332472,-0.02034325802332472
TCFL5,M06,0.01870350081266468,-0.01870350081266468
CDC37,M02,0.02682988257513754,-0.02682988257513754
CXCL14,M03,0.020491839274376842,0.020491839274376842
NDST2,M01,0.01737361175539962,-0.01737361175539962
MBTD1,M05,0.046029423421916266,-0.046029423421916266
NOC3L,M01,0.02168862044336558,0.02168862044336558
SAFB2,M04,0.023234301307641925,-0.023234301307641925
EFCAB14,M03,0.022792017888189183,0.022792017888189183
OGFRL1,M02,0.022580918072401743,0.022580918072401743
PDZD4,M08,0.05766820234422684,0.05766820234422684
UBAP2L,M07,0.02445553624637047,0.02445553624637047
DGCR8,M02,0.016552392489935407,-0.016552392489935407
ZNF700,M01,0.024343769109653753,0.024343769109653753
CNOT11,M02,0.030580581897820137,-0.030580581897820137
MPV17,M02,0.02457303278328995,-0.02457303278328995
KCTD20,M03,0.013997817552011887,-0.013997817552011887
UBE2E2,M06,0.037011473034176415,0.037011473034176415
GSDMB,M03,0.01652922435049464,0.01652922435049464
MRFAP1,M03,0.027559736524754085,-0.027559736524754085
CDIPT,M04,0.017636283875409102,0.017636283875409102
LCOR,M07,0.02941418135610441,-0.02941418135610441
CCL4L1,M08,0.06668537990866728,0.06668537990866728
TSPAN32,M08,0.03632550698670332,0.03632550698670332
ATG3,M03,0.026712795911410687,-0.026712795911410687
IARS2,M05,0.025379751603596908,0.025379751603596908
NPRL2,M08,0.044084724296002825,0.044084724296002825
MRVI1,M02,0.01427322079911199,0.01427322079911199
DAGLB,M01,0.019060603339945335,-0.019060603339945335
AP4B1,M02,0.0254209497051975,-0.0254209497051975
CD2BP2,M05,0.027169093268863395,-0.027169093268863395
RTCB,M02,0.022928108980235673,-0.022928108980235673
TTC4,M02,0.027526273242457773,-0.027526273242457773
TPD52L2,M05,0.022485237586619546,-0.022485237586619546
STK4,M04,0.03048616132156043,-0.03048616132156043
TESK1,M02,0.021445957620218406,-0.021445957620218406
CALCOCO1,M01,0.021718488303129748,-0.021718488303129748
CLEC16A,M04,0.021662369332360307,-0.021662369332360307
NUDT3,M03,0.0233800806479382,-0.0233800806479382
MCRIP1,M05,0.03633807348357212,-0.03633807348357212
SIN3A,M07,0.037911917998606375,0.037911917998606375
RCSD1,M07,0.043512798551701704,0.043512798551701704
HPRT1,M01,0.024579701751474368,0.024579701751474368
ANKRA2,M07,0.0360911303800815,-0.0360911303800815
COMMD8,M01,0.024897896978976555,0.024897896978976555
WBP4,M01,0.023751886454071648,0.023751886454071648
EHD4,M06,0.027493404441858674,0.027493404441858674
NADSYN1,M08,0.0264891277663571,0.0264891277663571
RN7SL1,M03,0.025545496004653615,0.025545496004653615
SNRNP70,M04,0.022427329521874616,-0.022427329521874616
RPUSD2,M02,0.029768668841597196,-0.029768668841597196
INSIG2,M01,0.0231429203134508,0.0231429203134508
NUDT14,M05,0.024434854969214836,-0.024434854969214836
STX4,M01,0.02116544606115397,-0.02116544606115397
TP53RK,M02,0.02319693850138826,-0.02319693850138826
CRELD2,M02,0.023654583887259495,-0.023654583887259495
MED20,M01,0.02021535050392256,0.02021535050392256
PRKAA1,M01,0.02427955245555174,0.02427955245555174
ERCC5,M07,0.04299037721476238,0.04299037721476238
RFWD2,M02,0.027406316517202295,0.027406316517202295
EIF4A3,M07,0.034196163942033585,0.034196163942033585
MAN1B1,M02,0.015831149179795254,-0.015831149179795254
HAUS7,M02,0.02174316308155854,-0.02174316308155854
ABCA7,M05,0.02381111740025189,-0.02381111740025189
TARS,M03,0.025996271468636638,0.025996271468636638
BSDC1,M06,0.02118784611366001,-0.02118784611366001
STK11IP,M01,0.022669194355356637,-0.022669194355356637
KIAA1683,M05,0.019246962259793002,-0.019246962259793002
GLS,M03,0.029325156784733207,0.029325156784733207
SPATA2L,M01,0.016890814072978592,-0.016890814072978592
PYCARD,M05,0.025705411553368408,-0.025705411553368408
HACL1,M02,0.019219822790871068,-0.019219822790871068
C7orf26,M04,0.02670945480467796,-0.02670945480467796
OSTC,M01,0.024245843192931667,0.024245843192931667
CTCF,M07,0.03150030252922884,0.03150030252922884
TRIM52,M05,0.019861023746731543,-0.019861023746731543
NOL12,M07,0.025575657694286436,-0.025575657694286436
ACO2,M03,0.029792031236254457,0.029792031236254457
SGK1,M04,0.025285191119330218,-0.025285191119330218
SARS,M03,0.03421374400463128,0.03421374400463128
MRPL15,M03,0.020881244054905674,0.020881244054905674
CEBPE,M06,0.02301194783750213,0.02301194783750213
OLR1,M07,0.02455506747375023,-0.02455506747375023
AP3S1,M01,0.019111321038712537,0.019111321038712537
BOP1,M03,0.02960277741361377,0.02960277741361377
RAB5C,M07,0.028750965328394364,0.028750965328394364
TSPAN18,M08,0.029175387925052663,-0.029175387925052663
KIRREL3-AS2,M04,0.023395671398575773,0.023395671398575773
KIAA0556,M02,0.021985552543263127,0.021985552543263127
SRRM1,M04,0.025564756464566834,-0.025564756464566834
CXCL16,M02,0.017340946608734326,0.017340946608734326
VAV1,M05,0.021556810225220543,-0.021556810225220543
LLPH,M07,0.020853512627456664,0.020853512627456664
FAM217B,M06,0.021061675797305605,-0.021061675797305605
ZNF25,M01,0.023160926050885676,0.023160926050885676
LPP,M04,0.034386475952594066,-0.034386475952594066
CIR1,M03,0.02153644537465819,0.02153644537465819
TMED9,M06,0.02494238666673199,0.02494238666673199
CHFR,M04,0.030857564462935794,-0.030857564462935794
TOLLIP,M03,0.019842833585052868,-0.019842833585052868
DUS2,M03,0.017542026436227456,0.017542026436227456
CALHM1,M08,0.06342143950180905,0.06342143950180905
MEX3C,M03,0.020909237104194952,0.020909237104194952
TM2D1,M03,0.020884377742512623,0.020884377742512623
CEP19,M05,0.034193196681911356,-0.034193196681911356
UXS1,M04,0.01444386996739345,0.01444386996739345
ZC3H4,M07,0.028191961869338557,0.028191961869338557
PDE3B,M06,0.02867515076430401,-0.02867515076430401
ZNF529,M06,0.019895431879081063,-0.019895431879081063
E4F1,M04,0.02528630147807221,-0.02528630147807221
RNH1,M06,0.03730871547038781,0.03730871547038781
ADAT1,M07,0.022208507799636873,0.022208507799636873
XKR8,M07,0.02009949810131146,0.02009949810131146
GCN1,M03,0.03398257107726001,0.03398257107726001
THAP11,M02,0.02366235165361019,-0.02366235165361019
HNRNPU,M05,0.03350150252571754,-0.03350150252571754
ATP5B,M06,0.028320726159857257,0.028320726159857257
QDPR,M04,0.017048332103693782,-0.017048332103693782
FAM50A,M02,0.022224206163687723,-0.022224206163687723
IPO11,M01,0.01961322578873749,0.01961322578873749
RASGRP3,M08,0.04170700230379853,-0.04170700230379853
MEF2D,M07,0.02163011535423822,0.02163011535423822
CNOT8,M03,0.02059278537485347,0.02059278537485347
SDF2,M03,0.02444293156034787,-0.02444293156034787
SNX17,M02,0.026003991729315296,-0.026003991729315296
MSH6,M03,0.018857269621139816,0.018857269621139816
SH3TC1,M06,0.02485324526064138,0.02485324526064138
HNRNPDL,M03,0.021585961270317994,0.021585961270317994
NMRK1,M01,0.0158673092774939,0.0158673092774939
COPE,M06,0.026178258467521635,0.026178258467521635
APPL2,M06,0.03382214028926002,-0.03382214028926002
LSMEM1,M03,0.020037902123489063,-0.020037902123489063
EDEM2,M02,0.019361597603646027,0.019361597603646027
MRPS9,M07,0.03152786207974557,0.03152786207974557
KCTD2,M05,0.023146515761093382,-0.023146515761093382
OXNAD1,M07,0.020559049436399832,0.020559049436399832
DVL3,M04,0.02304018593667887,-0.02304018593667887
PSMD2,M06,0.016786248598119693,0.016786248598119693
NOP58,M03,0.020908882432713643,0.020908882432713643
PAFAH2,M08,0.04530128459890515,0.04530128459890515
SMARCA4,M03,0.029159163650197235,0.029159163650197235
TMEM2,M08,0.015912471418905182,0.015912471418905182
FAM110A,M06,0.024088214563663248,0.024088214563663248
BTBD6,M08,0.046432836676958175,0.046432836676958175
YWHAG,M03,0.029837973095483642,0.029837973095483642
KLHDC3,M08,0.02183999454513561,0.02183999454513561
ZNF430,M03,0.03866737647086727,0.03866737647086727
INPP5E,M03,0.017018828090469635,0.017018828090469635
ZBTB48,M05,0.023593090812165554,-0.023593090812165554
PPP1R10,M02,0.018089472479420523,0.018089472479420523
THEMIS,M03,0.019868909626409522,0.019868909626409522
XRCC6,M07,0.027097801223582102,0.027097801223582102
RAB3GAP1,M08,0.0644119232991521,-0.0644119232991521
KCTD12,M07,0.04691639510054172,-0.04691639510054172
ITGA4,M07,0.022161882891607098,-0.022161882891607098
PSMD7,M03,0.026685929065075928,-0.026685929065075928
GFRA2,M04,0.01923388599948731,0.01923388599948731
AP3M2,M02,0.023751317780392904,-0.023751317780392904
ZCCHC9,M01,0.021896775012048512,0.021896775012048512
SASH3,M08,0.0194213098953215,0.0194213098953215
VPS26A,M01,0.02460368711989377,0.02460368711989377
GNPTG,M05,0.022214455685123653,-0.022214455685123653
MTMR3,M02,0.02807227817154191,0.02807227817154191
RIC8A,M04,0.018483939272682225,-0.018483939272682225
TJAP1,M04,0.022049609527458748,-0.022049609527458748
DGAT1,M05,0.03448366881643804,-0.03448366881643804
MS4A3,M03,0.013973022831714072,-0.013973022831714072
POLR2I,M05,0.027321582905241455,-0.027321582905241455
GPD1L,M02,0.02116026309709264,-0.02116026309709264
PYROXD2,M08,0.04510056238512391,0.04510056238512391
APOBEC3C,M01,0.017735613999657115,-0.017735613999657115
TC2N,M01,0.02257522432911687,0.02257522432911687
NUP160,M04,0.02578165658306503,-0.02578165658306503
RIPK1,M03,0.019482999421838457,-0.019482999421838457
VRK3,M07,0.026941961252669958,0.026941961252669958
RWDD4,M01,0.02378730891683312,0.02378730891683312
SETD1A,M08,0.019733815180817325,-0.019733815180817325
GBAS,M01,0.024049880907340605,0.024049880907340605
SNN,M02,0.02523136297023715,0.02523136297023715
AHCY,M08,0.029213644913559166,-0.029213644913559166
COX8A,M06,0.031069619108295744,0.031069619108295744
LHFPL2,M06,0.03734079478285531,0.03734079478285531
ARRDC5,M03,0.018749754808668806,0.018749754808668806
MED6,M07,0.02505059064167102,0.02505059064167102
TOMM5,M01,0.021661698601744724,0.021661698601744724
SLC2A5,M07,0.01961127906782243,-0.01961127906782243
ADAR,M06,0.023705129382851492,0.023705129382851492
C6orf48,M02,0.023275412619769082,-0.023275412619769082
P2RX4,M06,0.021961135047931304,0.021961135047931304
SETDB1,M01,0.020858420843673012,-0.020858420843673012
PRKCDBP,M06,0.026379102143513238,0.026379102143513238
NUDT16L1,M02,0.01799404504398149,-0.01799404504398149
TOMM40,M02,0.02538027060823862,-0.02538027060823862
MOSPD3,M01,0.021972693212596876,-0.021972693212596876
AGPAT4-IT1,M08,0.04662254240144965,0.04662254240144965
CEP350,M07,0.03208853271940029,-0.03208853271940029
TMEM207,M04,0.021572333020975946,0.021572333020975946
PDCD4,M05,0.02382203522582944,-0.02382203522582944
SCRN1,M08,0.02789853709980504,-0.02789853709980504
STARD3NL,M08,0.02405738941971657,0.02405738941971657
SDE2,M04,0.02867689016380249,-0.02867689016380249
ATF4,M03,0.034441043823351364,0.034441043823351364
DSTYK,M05,0.01273597053884817,0.01273597053884817
ZNHIT6,M04,0.021922479056739712,-0.021922479056739712
SYAP1,M03,0.03411696511763548,0.03411696511763548
MDFI,M05,0.012843429842367124,0.012843429842367124
ITPRIPL2,M07,0.029706065248819614,-0.029706065248819614
PPP1CB,M01,0.0236761090177049,0.0236761090177049
LAGE3,M02,0.022361436064661563,-0.022361436064661563
KATNB1,M01,0.022303836656535694,-0.022303836656535694
COPZ1,M02,0.026307054155161602,-0.026307054155161602
BATF,M08,0.03674579821458388,0.03674579821458388
CDKN2D,M03,0.03036301374085383,-0.03036301374085383
AIM2,M08,0.016587461575336415,-0.016587461575336415
NICN1,M02,0.022496652217744065,-0.022496652217744065
USP24,M05,0.02609002272523981,0.02609002272523981
SYTL2,M08,0.06448672627606038,0.06448672627606038
VAMP3,M06,0.03167324662627881,0.03167324662627881
PCYOX1,M06,0.020136684397838254,-0.020136684397838254
SCAMP1,M01,0.02470970297481485,0.02470970297481485
IL6ST,M07,0.029300241304139583,-0.029300241304139583
DNAJB9,M01,0.02233272554201569,0.02233272554201569
SLF2,M04,0.02529974810864872,-0.02529974810864872
KCNJ15,M02,0.030894722836986133,0.030894722836986133
EIF4H,M06,0.024677047144914862,0.024677047144914862
CCDC102A,M08,0.03340257669411834,0.03340257669411834
DMXL2,M04,0.027535627941014298,-0.027535627941014298
MAPK1IP1L,M01,0.020033571179650145,0.020033571179650145
PSMD6,M01,0.021978574766595677,0.021978574766595677
CDK2AP2,M06,0.02114613596016791,0.02114613596016791
SLTM,M01,0.022806000992443856,0.022806000992443856
PAPD5,M03,0.027515015207405916,0.027515015207405916
KDM3B,M02,0.02067906921305363,0.02067906921305363
SMAD3,M02,0.024549606902897043,-0.024549606902897043
LMO4,M04,0.022437551315754985,-0.022437551315754985
GCHFR,M07,0.021217865575713382,-0.021217865575713382
NECTIN2,M05,0.007304854982058367,-0.007304854982058367
HSD17B4,M06,0.03167534793099254,0.03167534793099254
LINC00921,M06,0.034132422752373034,-0.034132422752373034
PRKRA,M03,0.023182383858023504,0.023182383858023504
SSU72,M04,0.01747307263469378,-0.01747307263469378
TCF3,M03,0.02197943253950147,0.02197943253950147
RHOBTB3,M08,0.03192409275811656,0.03192409275811656
MAEA,M07,0.04127216523239921,0.04127216523239921
E2F4,M05,0.02975377942036275,0.02975377942036275
NUDT18,M05,0.018998500865295018,-0.018998500865295018
ACLY,M05,0.03158824563024174,0.03158824563024174
RAB33B,M02,0.01906781441391764,0.01906781441391764
FAM126B,M06,0.023996320570590337,-0.023996320570590337
BMS1,M02,0.029260765220589475,-0.029260765220589475
ENSA,M07,0.0244154183528324,0.0244154183528324
ZNF721,M01,0.02368031754385889,0.02368031754385889
ERGIC3,M02,0.024388955939301408,-0.024388955939301408
HOXD3,M04,0.024928131191548127,0.024928131191548127
PRRC1,M03,0.022141528638363037,0.022141528638363037
C19orf33,M04,0.019060550551185374,0.019060550551185374
USP16,M01,0.02614424374721774,0.02614424374721774
NRDC,M03,0.025201747121882764,-0.025201747121882764
TNFRSF10B,M02,0.024851751429782284,0.024851751429782284
ZNF500,M03,0.026094197693132364,0.026094197693132364
FAM120B,M07,0.028944759601587416,0.028944759601587416
RGMA,M04,0.018392620152671794,0.018392620152671794
SURF6,M02,0.016585607142195303,-0.016585607142195303
SLC39A1,M07,0.024980236050388467,-0.024980236050388467
BCAP31,M07,0.01947031747073238,0.01947031747073238
MRPL41,M02,0.027016545913129516,-0.027016545913129516
OXSR1,M05,0.027951081283293083,0.027951081283293083
POLR2G,M06,0.025773245365756328,0.025773245365756328
KLHDC4,M08,0.029181569058024454,0.029181569058024454
ST3GAL1,M01,0.020460993572240037,-0.020460993572240037
POLD4,M04,0.023132798394023303,0.023132798394023303
DIS3L2,M04,0.022980533313247713,0.022980533313247713
ZNF319,M08,0.02164027046947614,0.02164027046947614
NXT1,M02,0.029691356646563718,-0.029691356646563718
USP11,M02,0.017577872562890666,-0.017577872562890666
APBB3,M07,0.031736132756627705,-0.031736132756627705
DHX16,M04,0.03186538465033215,-0.03186538465033215
ABHD16A,M03,0.02015440518933844,-0.02015440518933844
NPIPA1,M03,0.03250480968227864,0.03250480968227864
SNTB2,M08,0.04217916377455178,0.04217916377455178
RNF166,M08,0.02579848298076669,0.02579848298076669
PEX11B,M02,0.025002643456521575,-0.025002643456521575
TSC2,M01,0.021232828079062033,-0.021232828079062033
SMS,M07,0.01860042266027982,0.01860042266027982
RBM34,M03,0.022723385075547494,0.022723385075547494
LINC01451,M08,0.043457538546580174,0.043457538546580174
PDCD6IP,M07,0.02775865992592203,-0.02775865992592203
BRIX1,M01,0.024973493146858303,0.024973493146858303
ACD,M01,0.020621309292489315,-0.020621309292489315
MAP4K4,M05,0.02724273997951159,0.02724273997951159
TMEM30A,M01,0.02261021720610562,0.02261021720610562
ARF5,M05,0.014741542762536137,-0.014741542762536137
PAPSS1,M06,0.011493565073772957,0.011493565073772957
RAD9A,M05,0.029540338530751643,-0.029540338530751643
B3GNTL1,M05,0.02265720706933824,-0.02265720706933824
GTF3C3,M01,0.02049510015820138,0.02049510015820138
ABCB10,M07,0.0277590331960223,-0.0277590331960223
SLC36A1,M02,0.02452416939395353,0.02452416939395353
GNB1,M04,0.03478841612996167,-0.03478841612996167
IST1,M04,0.039576257026590324,-0.039576257026590324
TERF2IP,M08,0.01869073402675847,0.01869073402675847
LOC153684,M04,0.020299986560751375,-0.020299986560751375
DUS3L,M02,0.021859382763971546,-0.021859382763971546
ISCU,M04,0.03253306697873408,0.03253306697873408
XPNPEP1,M05,0.022967857147058044,0.022967857147058044
SLC18B1,M07,0.020422218421156466,-0.020422218421156466
NAT10,M02,0.025026918667640605,-0.025026918667640605
LOC101928714,M04,0.02003161499558152,0.02003161499558152
TMEM45B,M05,0.02062485475759459,-0.02062485475759459
PATL1,M04,0.02841104553733776,-0.02841104553733776
CNPY2,M03,0.020074122259797256,0.020074122259797256
KPNA3,M01,0.020879543030718005,0.020879543030718005
FAM117A,M05,0.02493624915004416,0.02493624915004416
PGM2,M01,0.018743908752254523,0.018743908752254523
ATG14,M03,0.028455676155556702,0.028455676155556702
AIRE,M03,0.03945247679551324,0.03945247679551324
ZCCHC6,M02,0.024381375489664295,0.024381375489664295
RPSA,M07,0.02633903164814629,-0.02633903164814629
ZNHIT1,M07,0.024509795216346695,-0.024509795216346695
CHCHD5,M07,0.02395922175843846,-0.02395922175843846
MRPS30,M02,0.02018321328929676,-0.02018321328929676
NIP7,M08,0.020014414659941065,0.020014414659941065
INTS1,M01,0.02013137928705268,-0.02013137928705268
PLEKHO1,M06,0.02488834955475862,0.02488834955475862
SMARCE1,M01,0.018387529995734696,0.018387529995734696
SP4,M03,0.02802260533962219,0.02802260533962219
BRD2,M04,0.031046350774889497,-0.031046350774889497
DIAPH2,M06,0.02903119527491188,0.02903119527491188
CAPZB,M07,0.029407379264701564,0.029407379264701564
NAPA,M04,0.020724191708843497,0.020724191708843497
ITGB1,M01,0.021801742995930098,0.021801742995930098
PPIAL4C,M07,0.022554543039133353,0.022554543039133353
CXorf36,M04,0.01405737119683426,0.01405737119683426
OCEL1,M08,0.01929682612218244,-0.01929682612218244
MGME1,M01,0.01410945518591597,0.01410945518591597
LRP5L,M04,0.028156383970927214,-0.028156383970927214
AGTPBP1,M01,0.018882982885301748,0.018882982885301748
MPHOSPH8,M07,0.02420581741568414,0.02420581741568414
KBTBD7,M02,0.027531403412779147,0.027531403412779147
RPLP2,M03,0.03504245229002573,0.03504245229002573
ITPR1,M08,0.023026709665398427,-0.023026709665398427
HVCN1,M08,0.03753213131155427,-0.03753213131155427
COMMD2,M01,0.019870725041526607,0.019870725041526607
LYPLAL1,M01,0.022783051040762316,0.022783051040762316
TICAM2,M07,0.031114204458655724,-0.031114204458655724
BTF3L4,M01,0.022334877823616102,0.022334877823616102
KRBA1,M04,0.02421737738565455,0.02421737738565455
EPC1,M04,0.021528730469060026,-0.021528730469060026
ME2,M02,0.024433755555904824,0.024433755555904824
NACC2,M04,0.020865064426582553,-0.020865064426582553
CSTA,M06,0.0236726628054216,0.0236726628054216
NPC1,M08,0.04891307329239081,0.04891307329239081
TAMM41,M08,0.02276927172373852,-0.02276927172373852
GEMIN4,M08,0.026187409462255038,-0.026187409462255038
SUPT16H,M02,0.022674497768445406,-0.022674497768445406
CXCR5,M08,0.043812763731790764,-0.043812763731790764
OFD1,M03,0.036103402351328966,0.036103402351328966
LYAR,M08,0.03361202210205646,0.03361202210205646
NUP205,M04,0.019985278588496615,-0.019985278588496615
HINT2,M02,0.02709273766841073,-0.02709273766841073
CDAN1,M03,0.03942298603878185,0.03942298603878185
ETFB,M02,0.02283956268499638,-0.02283956268499638
RARS2,M06,0.024825850662996887,-0.024825850662996887
TFB2M,M01,0.025315223796622783,0.025315223796622783
FLNB,M08,0.030948879430358178,-0.030948879430358178
GID8,M05,0.019273475064499786,0.019273475064499786
STAB1,M07,0.041646918619683546,-0.041646918619683546
MSLN,M04,0.005440602415104405,-0.005440602415104405
NCOA6,M07,0.0438174452102812,0.0438174452102812
ERV3-1,M04,0.014892658355422903,-0.014892658355422903
MAPK6,M01,0.02454382045516963,0.02454382045516963
STYX,M01,0.024565279033514995,0.024565279033514995
IER5,M06,0.025690824938970735,0.025690824938970735
EBPL,M03,0.021479453638173728,-0.021479453638173728
TMEM88,M02,0.024060065068262814,0.024060065068262814
PHF11,M07,0.025432163777793393,-0.025432163777793393
ATG101,M02,0.02708272720059848,-0.02708272720059848
SNAPC2,M01,0.01915164939192203,-0.01915164939192203
OR2AG1,M02,0.013476667072561713,0.013476667072561713
YWHAB,M07,0.03464110390689869,0.03464110390689869
PGAP3,M02,0.023214075778889235,-0.023214075778889235
UBA6,M03,0.021485007324615602,0.021485007324615602
JUP,M06,0.024479281146809626,0.024479281146809626
TSPYL1,M05,0.043963741923431915,0.043963741923431915
RIT1,M07,0.01920054067833668,0.01920054067833668
ICAM1,M03,0.008971864223872614,-0.008971864223872614
SMARCA2,M03,0.027659851173644546,0.027659851173644546
GJC2,M04,0.02589941879544629,0.02589941879544629
BCAT2,M02,0.024028996771669413,-0.024028996771669413
EMC7,M04,0.02734143360728817,-0.02734143360728817
OSBPL10,M08,0.04337089020897797,-0.04337089020897797
MON1B,M04,0.022727901690140388,-0.022727901690140388
RPS6KA4,M06,0.027842443914402645,0.027842443914402645
WBP1L,M03,0.024789247601911514,-0.024789247601911514
RIN2,M06,0.031248581317086424,0.031248581317086424
SETBP1,M02,0.016477224981509112,-0.016477224981509112
FAM171A1,M08,0.043341526386709,-0.043341526386709
BANP,M06,0.0234311543238735,-0.0234311543238735
SURF4,M08,0.02469794164760541,0.02469794164760541
RBM26,M03,0.025422245048182645,0.025422245048182645
CD302,M03,0.02253649351098375,-0.02253649351098375
RUSC1,M02,0.02287741357214382,-0.02287741357214382
HIBADH,M01,0.02080051889486701,0.02080051889486701
NAA20,M01,0.02170611549316602,0.02170611549316602
MXD3,M07,0.025572948537418327,-0.025572948537418327
MYOF,M06,0.0556101990463879,0.0556101990463879
ZP3,M01,0.011274616362496666,-0.011274616362496666
DDX55,M02,0.01872848766853116,-0.01872848766853116
FCRL5,M08,0.028917102316141963,-0.028917102316141963
ATP5SL,M02,0.024409761106024663,-0.024409761106024663
PRPS1,M03,0.020076540518107186,0.020076540518107186
ACVR1,M03,0.024362835499156733,0.024362835499156733
GPX7,M01,0.01404445757817746,0.01404445757817746
AES,M02,0.030197907816800987,-0.030197907816800987
REXO1,M01,0.02221081656062591,-0.02221081656062591
TOR4A,M06,0.019696980375797372,0.019696980375797372
GADD45B,M06,0.025055172014609297,0.025055172014609297
UTP3,M03,0.029729178484976627,0.029729178484976627
STT3A,M07,0.02429418661047778,0.02429418661047778
CEP95,M01,0.016427520782901685,0.016427520782901685
RELA,M07,0.031824073427224514,0.031824073427224514
PLK3,M07,0.014115458728602212,0.014115458728602212
ZNF518A,M07,0.023659827611648615,-0.023659827611648615
GP1BA,M04,0.025515371064506534,0.025515371064506534
TXNRD1,M02,0.022232279088980518,0.022232279088980518
NCAN,M04,0.023857555507110398,0.023857555507110398
ABHD4,M01,0.019978412513396746,-0.019978412513396746
BRF2,M03,0.018908902669323744,-0.018908902669323744
CPSF3,M06,0.029533963367458144,0.029533963367458144
SLFN5,M05,0.019851526648009776,0.019851526648009776
NFKBIZ,M07,0.03908785016844327,-0.03908785016844327
DAPP1,M03,0.032432914121591355,0.032432914121591355
PRPF4B,M04,0.02529046671851283,-0.02529046671851283
PRKCB,M02,0.022316329631239085,0.022316329631239085
SECISBP2L,M03,0.018488014409715602,-0.018488014409715602
LHFPL1,M04,0.013176158611055894,0.013176158611055894
ADIPOR2,M08,0.02546186443677799,0.02546186443677799
PBX1,M04,0.03372177409698579,0.03372177409698579
RNF130,M02,0.031373787684292796,0.031373787684292796
H3F3C,M02,0.02583996809831551,0.02583996809831551
TBC1D2B,M08,0.018050763837575253,0.018050763837575253
OSBPL11,M02,0.02051739493295161,0.02051739493295161
TCEAL8,M01,0.022362087283345773,0.022362087283345773
NAPB,M08,0.02422988837572203,0.02422988837572203
PSMD14,M01,0.021606800818957404,0.021606800818957404
GPR160,M06,0.02081139095621095,-0.02081139095621095
ZNF394,M05,0.04032770453425796,-0.04032770453425796
MAPRE1,M06,0.03183793086690646,0.03183793086690646
TTC37,M03,0.01970106406162689,0.01970106406162689
SLFN13,M08,0.05056353409910739,0.05056353409910739
AHSA1,M07,0.03474757748530733,0.03474757748530733
ADRM1,M03,0.026509331988028406,0.026509331988028406
PLIN2,M06,0.02003385718121943,0.02003385718121943
TFE3,M02,0.02145399352453136,0.02145399352453136
ZNF548,M06,0.02191968922678376,-0.02191968922678376
TMEM33,M02,0.021222855054062406,0.021222855054062406
ZC3H12A,M07,0.02108059363757915,-0.02108059363757915
ZFHX3,M06,0.032942908202206724,0.032942908202206724
ACTB,M07,0.034434420825081,0.034434420825081
ANKS1A,M02,0.020469151960187233,0.020469151960187233
STK3,M01,0.018800009778111672,0.018800009778111672
CASP3,M01,0.02286280206817306,0.02286280206817306
PTCRA,M04,0.016207225536080793,0.016207225536080793
ENPP4,M08,0.03601414693522038,0.03601414693522038
N4BP2,M05,0.03305329723335851,-0.03305329723335851
MRPL34,M02,0.020146707341801733,-0.020146707341801733
NT5C,M08,0.025678996326583093,0.025678996326583093
DCAF5,M04,0.023289676552019932,-0.023289676552019932
ZNF652,M03,0.035561094518883625,0.035561094518883625
GEMIN6,M07,0.019078311914998522,0.019078311914998522
SFXN5,M05,0.018348790670332432,-0.018348790670332432
CSAD,M02,0.027215018073732618,0.027215018073732618
MAD2L2,M08,0.021168122042204487,0.021168122042204487
TLK1,M01,0.023233381082233318,0.023233381082233318
PTRH2,M01,0.021317468331761187,0.021317468331761187
ZNF559,M03,0.022264943350243423,0.022264943350243423
DOK3,M01,0.017839714461458447,-0.017839714461458447
KIR3DL3,M08,0.03254457806253488,0.03254457806253488
ERP27,M03,0.014010011590673683,0.014010011590673683
INTS5,M02,0.01878157349729484,-0.01878157349729484
AHCTF1,M06,0.02390969893009508,-0.02390969893009508
ENOSF1,M03,0.028425081662761503,0.028425081662761503
FAM188A,M01,0.02288357041748293,0.02288357041748293
UBXN1,M03,0.027536101383855514,0.027536101383855514
DAPK1,M06,0.029327464980153897,0.029327464980153897
PPFIBP2,M08,0.03159041239041602,-0.03159041239041602
TRIM10,M04,0.034626885335114495,0.034626885335114495
RAB1B,M01,0.021293617691251935,-0.021293617691251935
CLPTM1L,M02,0.02324590911707627,-0.02324590911707627
MUM1,M02,0.02088362890658085,-0.02088362890658085
GBF1,M01,0.021699522143745303,-0.021699522143745303
SMARCC1,M05,0.02744156402137559,0.02744156402137559
MAPRE2,M07,0.02756926798588506,0.02756926798588506
GCC1,M07,0.02519675110150877,0.02519675110150877
FAM20B,M05,0.030023128858922516,0.030023128858922516
SZRD1,M03,0.02088426545517367,-0.02088426545517367
FAM102A,M08,0.03817076661367856,-0.03817076661367856
NME8,M08,0.02888417003803425,0.02888417003803425
TRPT1,M06,0.020787765475081044,-0.020787765475081044
UTP11,M06,0.02834481082812932,0.02834481082812932
PAICS,M08,0.032045129371321056,-0.032045129371321056
LOC101930164,M06,0.022442964217110947,0.022442964217110947
FBN2,M06,0.024225360613303368,0.024225360613303368
OSTM1,M04,0.017277376009937374,-0.017277376009937374
HEATR1,M05,0.021170664452703512,0.021170664452703512
PBXIP1,M06,0.023762201805271683,-0.023762201805271683
ARL6IP1,M05,0.02054416477524608,0.02054416477524608
CEP192,M04,0.02313278019598317,-0.02313278019598317
GSKIP,M01,0.02439524962893469,0.02439524962893469
POLR2J3,M03,0.021153026638647748,0.021153026638647748
FCRL2,M08,0.04574035851082645,-0.04574035851082645
FXR2,M01,0.0206911086312353,-0.0206911086312353
THEM6,M02,0.024671233658694988,-0.024671233658694988
ANXA6,M07,0.020188534009013524,0.020188534009013524
SDHA,M07,0.02754786928727378,0.02754786928727378
DIMT1,M01,0.01939315278052745,0.01939315278052745
MC1R,M08,0.021107524199030853,0.021107524199030853
ZNF143,M03,0.02984668358611024,-0.02984668358611024
FBXW4,M08,0.02835961272437821,0.02835961272437821
PSMC3,M05,0.029242927015370616,-0.029242927015370616
PDGFRB,M08,0.039918917797446975,0.039918917797446975
LGALS3BP,M08,0.034648504959334886,-0.034648504959334886
S100A4,M06,0.03710124831904072,0.03710124831904072
FAM96B,M05,0.02747316965825473,-0.02747316965825473
THOC1,M03,0.025484826063705623,0.025484826063705623
PDCD2,M02,0.02170654280175093,-0.02170654280175093
PPP6C,M07,0.022754950062988798,0.022754950062988798
ARHGAP21,M07,0.019772195603118343,0.019772195603118343
TRAPPC1,M07,0.021831606774896747,0.021831606774896747
CCDC97,M03,0.01773228926958358,0.01773228926958358
MBOAT2,M05,0.031113008614493343,-0.031113008614493343
TMEM261,M07,0.030848909748133528,-0.030848909748133528
BARD1,M07,0.02360943776967496,-0.02360943776967496
NDUFA7,M05,0.03205048479392666,-0.03205048479392666
KCNMB1,M07,0.04109251834805129,-0.04109251834805129
NGDN,M07,0.03824522185136717,0.03824522185136717
MATK,M08,0.07274901266095155,0.07274901266095155
ENDOD1,M05,0.018935264791473044,0.018935264791473044
ANAPC5,M03,0.028740170694955314,0.028740170694955314
ZZZ3,M01,0.02507391447811548,0.02507391447811548
LAMTOR2,M06,0.042070694985040784,0.042070694985040784
TMPRSS15,M04,0.02378813917591516,0.02378813917591516
ANO6,M07,0.028842103172436975,-0.028842103172436975
ARPC1A,M04,0.027086602620270066,-0.027086602620270066
MTX3,M01,0.01956458637998926,0.01956458637998926
CLN5,M01,0.01862221902934858,0.01862221902934858
NCL,M07,0.030454085807175457,0.030454085807175457
GLTSCR1L,M07,0.0238010685006814,0.0238010685006814
GPR68,M08,0.05431937922160176,0.05431937922160176
IRX3,M05,0.007692534001072104,-0.007692534001072104
TMEM179B,M04,0.022733821010203353,-0.022733821010203353
GMCL1,M06,0.026050937367744012,-0.026050937367744012
UBA3,M03,0.022205949814723017,-0.022205949814723017
CES1,M06,0.014990962121963278,0.014990962121963278
EXOSC7,M02,0.021144709670192864,-0.021144709670192864
HADH,M04,0.01834567567130451,-0.01834567567130451
RCN1,M06,0.024758409668577376,0.024758409668577376
ALDOA,M07,0.027730592312864906,0.027730592312864906
KAT2A,M07,0.024233800207505173,-0.024233800207505173
DDX5,M04,0.030814468278241317,-0.030814468278241317
EPHA1,M08,0.042126738114457316,-0.042126738114457316
RPS4Y2,M08,0.01769800048764542,0.01769800048764542
SLC44A1,M03,0.022139623881866084,-0.022139623881866084
GAPVD1,M03,0.01878374473920655,0.01878374473920655
CYTH1,M04,0.03597952440936069,-0.03597952440936069
ACACB,M06,0.020988477587352866,-0.020988477587352866
ADCK1,M01,0.01153490409583698,-0.01153490409583698
SC5D,M01,0.018315885823186523,0.018315885823186523
NOP14,M02,0.019777476888010546,-0.019777476888010546
EP400,M04,0.02448924848615134,-0.02448924848615134
CTSC,M06,0.025723617422015958,0.025723617422015958
EGLN2,M05,0.026251888564803295,-0.026251888564803295
MRPS17,M07,0.027141402816511933,0.027141402816511933
GTF2E1,M01,0.021720978196093973,0.021720978196093973
BOD1,M01,0.01821677113564235,0.01821677113564235
DIS3L,M02,0.02342097546589007,-0.02342097546589007
PGM5,M03,0.012854940299492128,-0.012854940299492128
BRPF1,M04,0.023707240667562707,-0.023707240667562707
ROM1,M04,0.023474872058015125,0.023474872058015125
CSNK2A2,M02,0.02632481930538669,-0.02632481930538669
SELM,M02,0.027580751375992838,-0.027580751375992838
OSM,M07,0.019441172636023473,-0.019441172636023473
TTC39C,M02,0.02880914485691921,-0.02880914485691921
MORC2,M08,0.026856318864718055,-0.026856318864718055
TOP3B,M07,0.017904025260022566,-0.017904025260022566
SHROOM4,M05,0.04248313294837276,-0.04248313294837276
ST3GAL6,M05,0.018256012231879067,-0.018256012231879067
ARIH2,M08,0.027947475098546892,0.027947475098546892
SH3PXD2A,M08,0.021863285878725353,-0.021863285878725353
KIAA1468,M01,0.017911064677031196,0.017911064677031196
UBE2G2,M02,0.020950121049231683,-0.020950121049231683
MTIF2,M07,0.020850147622911923,0.020850147622911923
C9orf106,M05,0.02733357544527957,-0.02733357544527957
CLECL1,M01,0.017235635651543138,0.017235635651543138
JDP2,M04,0.023780955461610787,0.023780955461610787
GPX3,M05,0.02091432972428632,-0.02091432972428632
SRP68,M02,0.027038353499731636,-0.027038353499731636
FUT7,M05,0.030245054011644647,-0.030245054011644647
BZW2,M01,0.01951706850107575,0.01951706850107575
PIN1,M08,0.03513375146262056,0.03513375146262056
ZNF264,M05,0.03157897978446509,-0.03157897978446509
UBE3A,M01,0.025574650143027376,0.025574650143027376
ST3GAL2,M01,0.01806293887121038,-0.01806293887121038
NOA1,M08,0.0232243698932502,-0.0232243698932502
PEX6,M03,0.018745637491357565,0.018745637491357565
POGLUT1,M02,0.021462711719090255,-0.021462711719090255
CRKL,M05,0.03282631176008735,0.03282631176008735
TAPBPL,M08,0.016990173411602277,0.016990173411602277
CHMP2A,M07,0.03239677624194659,0.03239677624194659
PSMD12,M03,0.024270757018664754,-0.024270757018664754
MYO5A,M02,0.026418394207027743,0.026418394207027743
SERP1,M02,0.016021996626345934,0.016021996626345934
TCEB2,M04,0.035533569317326937,0.035533569317326937
SMPD4,M04,0.0242592203240453,0.0242592203240453
COMMD9,M06,0.04790773304416343,0.04790773304416343
CARS2,M02,0.02277219717416282,0.02277219717416282
PPP1R12A,M03,0.018023884735088695,0.018023884735088695
ADAM19,M06,0.024717658637023122,-0.024717658637023122
CCSER2,M08,0.028868377537162728,0.028868377537162728
HMG20B,M01,0.019455581759321296,-0.019455581759321296
SNORA25,M07,0.0322144459262738,-0.0322144459262738
NUDCD3,M02,0.023805762664034558,-0.023805762664034558
PHF23,M03,0.02841345159352448,0.02841345159352448
TMEM5,M02,0.027536798631941643,-0.027536798631941643
TOR3A,M07,0.02328168872013127,-0.02328168872013127
SNURF,M07,0.03265663002783866,0.03265663002783866
POMGNT1,M03,0.03432572839049127,0.03432572839049127
RPS6KB2,M08,0.022362223638525164,0.022362223638525164
TGFBR2,M02,0.025093453299031517,0.025093453299031517
MYB,M01,0.01786883715314433,0.01786883715314433
ATP2B4,M08,0.03568813812959593,0.03568813812959593
NME1-NME2,M02,0.02066998274888819,-0.02066998274888819
DAP3,M02,0.022909088260504716,-0.022909088260504716
C3AR1,M06,0.03385198655926178,0.03385198655926178
DPY19L1,M01,0.02170226181424165,0.02170226181424165
ITGAE,M03,0.025857306864523314,0.025857306864523314
ORMDL1,M01,0.02405451398683916,0.02405451398683916
RABEPK,M07,0.021010142345487426,0.021010142345487426
PDK3,M03,0.024229447899072904,-0.024229447899072904
SPTLC2,M06,0.021335847244621075,0.021335847244621075
CRHR1,M04,0.025639912881548745,0.025639912881548745
XYLT2,M03,0.029855113736052364,0.029855113736052364
AEN,M07,0.019731529750095508,-0.019731529750095508
CHAMP1,M08,0.02652495615390415,-0.02652495615390415
ARHGDIB,M07,0.024529096089242506,0.024529096089242506
CMTR2,M01,0.02158715528591037,0.02158715528591037
TTC1,M05,0.028178540652753194,-0.028178540652753194
CHMP4A,M06,0.02663839935307336,0.02663839935307336
SPON2,M08,0.04983359020807824,0.04983359020807824
KCTD13,M06,0.019456643104002573,-0.019456643104002573
ZNF577,M05,0.040218465244101574,-0.040218465244101574
NAA38,M05,0.03626251455132747,-0.03626251455132747
PIGT,M01,0.017742479671458693,-0.017742479671458693
PUM1,M04,0.028974547103319703,-0.028974547103319703
ERF,M02,0.021415628084934166,0.021415628084934166
CD226,M01,0.0203277551555027,0.0203277551555027
METTL25,M01,0.020230582172415735,0.020230582172415735
PLXNB2,M06,0.04151063202537539,0.04151063202537539
PRMT3,M01,0.020268095376865858,0.020268095376865858
KIF20B,M01,0.022675159856942163,0.022675159856942163
INTS10,M03,0.024964402661850064,0.024964402661850064
EXOSC8,M03,0.019003469723586127,0.019003469723586127
NRBP2,M04,0.020639806242288884,-0.020639806242288884
CCR2,M06,0.038690368977688065,0.038690368977688065
MAN1C1,M08,0.03271822590193409,-0.03271822590193409
MTERF3,M01,0.024069189162768116,0.024069189162768116
TMEM79,M01,0.01701507899829203,-0.01701507899829203
SELK,M04,0.037932233831222614,0.037932233831222614
PARL,M01,0.019997687954366048,0.019997687954366048
HERC3,M04,0.028889027086983064,-0.028889027086983064
KPNA1,M02,0.02259821425318429,0.02259821425318429
YIPF1,M02,0.021857767962944467,0.021857767962944467
TEAD2,M08,0.023890571930476223,-0.023890571930476223
MATR3,M01,0.025481978571820083,0.025481978571820083
TSPAN1,M04,0.024752514534569895,0.024752514534569895
GMPR2,M02,0.028768305253470374,0.028768305253470374
RSPO2,M04,0.026907483888085233,0.026907483888085233
OXA1L,M02,0.020404995831492034,-0.020404995831492034
RACK1,M03,0.031136056148013392,0.031136056148013392
NAP1L1,M01,0.02425611660454607,0.02425611660454607
DUSP8,M08,0.02884751962892686,0.02884751962892686
CEP135,M04,0.021440324909164497,-0.021440324909164497
DCAF4L1,M04,0.028906598942760087,0.028906598942760087
TMX2,M02,0.022090328674353614,-0.022090328674353614
NCOR2,M07,0.027075821833219566,0.027075821833219566
ABHD14A,M02,0.02411120927072822,-0.02411120927072822
SNRPA,M02,0.01963052000272264,-0.01963052000272264
ELP3,M02,0.022169395777938906,-0.022169395777938906
PNPO,M06,0.03275685971855547,0.03275685971855547
NLRC4,M06,0.02457712217611221,0.02457712217611221
DHRS13,M01,0.012966992691689239,-0.012966992691689239
DLD,M01,0.019630778876911795,0.019630778876911795
ATXN10,M04,0.022646810065723326,0.022646810065723326
RPUSD3,M02,0.024267747754332724,-0.024267747754332724
KIAA0040,M08,0.025928094362096827,-0.025928094362096827
TSPAN31,M02,0.024262714416696342,-0.024262714416696342
TINF2,M04,0.024596680858565683,-0.024596680858565683
AOC3,M05,0.00918255032146278,0.00918255032146278
BLVRA,M06,0.0360562491191469,0.0360562491191469
TOP3A,M05,0.02457117335805444,-0.02457117335805444
CHMP4B,M03,0.025436173015047272,-0.025436173015047272
GABPB2,M03,0.039561502084003566,0.039561502084003566
INTS8,M03,0.025907764356206002,0.025907764356206002
PSMD6-AS2,M04,0.022545776718985385,-0.022545776718985385
KATNA1,M07,0.02011388210163059,0.02011388210163059
PIK3CG,M02,0.02149588284275113,0.02149588284275113
KLHL42,M01,0.02073480619597298,0.02073480619597298
TRAPPC3,M03,0.017028411298015862,-0.017028411298015862
HOTAIRM1///HOXA2,M07,0.014001857542202574,-0.014001857542202574
BTN2A1,M02,0.024743744963341394,0.024743744963341394
ZDHHC7,M06,0.025209304599678527,0.025209304599678527
ATXN7L3B,M02,0.025155341816991385,-0.025155341816991385
FBXO42,M04,0.008139537749540236,0.008139537749540236
ZNF282,M01,0.02103873913367611,-0.02103873913367611
USMG5,M05,0.01957944134830523,-0.01957944134830523
CNOT2,M02,0.015733137675399765,-0.015733137675399765
TSSC1,M02,0.02287061694980135,-0.02287061694980135
ATRAID,M02,0.022630357715906893,-0.022630357715906893
LYPLA2,M07,0.02562916139081029,0.02562916139081029
NUP153,M04,0.028268582327413534,-0.028268582327413534
CDK4,M03,0.03349908993159105,0.03349908993159105
ARHGAP33,M01,0.019168109826932643,-0.019168109826932643
PPM1D,M02,0.02036467037851011,0.02036467037851011
DUSP23,M05,0.032056768557253645,-0.032056768557253645
ALG3,M06,0.019496647575944662,0.019496647575944662
RRAGA,M05,0.04062025717379546,0.04062025717379546
C1orf198,M04,0.018182581560011804,0.018182581560011804
MIOS,M01,0.021873740287487668,0.021873740287487668
DCP1A,M01,0.020004645200007824,-0.020004645200007824
FCAR,M08,0.015827926209799392,0.015827926209799392
CDK9,M08,0.020332673053526002,0.020332673053526002
SMIM14,M05,0.02037905815822088,-0.02037905815822088
CCDC69,M04,0.017845351933774904,0.017845351933774904
DYNLRB1,M06,0.03097662848254959,0.03097662848254959
PHF5A,M01,0.0207601609226076,0.0207601609226076
HDAC6,M01,0.019867779295685187,-0.019867779295685187
TRMT2B,M05,0.017428943592896942,-0.017428943592896942
TMEM55B,M03,0.02180764327348916,-0.02180764327348916
CUL2,M01,0.019348597306157598,0.019348597306157598
TBCB,M08,0.03202665857938923,0.03202665857938923
NAA10,M03,0.02788300062463341,0.02788300062463341
HSD17B8,M02,0.02648631550861075,-0.02648631550861075
ABLIM1,M08,0.0330048094263138,-0.0330048094263138
FBXW9,M04,0.020093732492652318,0.020093732492652318
RANBP1,M03,0.030894973793255308,0.030894973793255308
ABHD10,M01,0.018255543704310977,0.018255543704310977
LOC93622,M06,0.018644389228634456,-0.018644389228634456
SEC22B,M03,0.02480497561390051,-0.02480497561390051
CGRRF1,M01,0.023744421664498746,0.023744421664498746
TMEM94,M01,0.01892298851160488,-0.01892298851160488
SH2D3C,M07,0.023428758885897502,0.023428758885897502
SFMBT2,M05,0.03216986382466899,-0.03216986382466899
TRA2A,M03,0.015560023742613931,0.015560023742613931
RNF14,M05,0.03292152528949245,0.03292152528949245
SAP130,M07,0.03811467464461467,0.03811467464461467
AHR,M03,0.034886185969769855,0.034886185969769855
LRRC6,M02,0.017489354026534645,0.017489354026534645
ITFG2,M02,0.024653787251757313,-0.024653787251757313
SCAND1,M06,0.0260160964748988,0.0260160964748988
CUTA,M02,0.03289269492395089,-0.03289269492395089
FIG4,M06,0.022854107853187342,0.022854107853187342
RERE,M02,0.02213246057780021,0.02213246057780021
SCGB1C1,M04,0.020853880972789146,0.020853880972789146
BECN1,M02,0.02255152512350157,0.02255152512350157
DHRS3,M02,0.018800084726465285,-0.018800084726465285
N4BP1,M01,0.01863780465629504,-0.01863780465629504
RNF125,M08,0.02518573133370793,0.02518573133370793
TPMT,M06,0.02410789401279276,0.02410789401279276
VENTX,M07,0.02082680115526748,-0.02082680115526748
YPEL1,M08,0.06746544389885557,0.06746544389885557
ZNF362,M01,0.016666059651064286,-0.016666059651064286
NEU1,M06,0.026890172690330803,0.026890172690330803
NRDE2,M06,0.027480446856617678,-0.027480446856617678
CDCA7,M02,0.012000281960038398,-0.012000281960038398
TCIRG1,M07,0.021703152070106452,-0.021703152070106452
FRMD3,M06,0.0213697522827948,0.0213697522827948
ZHX2,M07,0.0212963571231112,0.0212963571231112
RPL23AP7,M04,0.012144776518645654,0.012144776518645654
ADPGK,M07,0.03173979279039016,-0.03173979279039016
MED1,M03,0.037016966953654654,0.037016966953654654
ATP6V0A2,M04,0.017402479427857016,-0.017402479427857016
AP5S1,M02,0.020142869279186876,-0.020142869279186876
C18orf25,M01,0.02118224350114543,0.02118224350114543
SUN1,M04,0.02994837999804297,-0.02994837999804297
METTL3,M05,0.025092916283891757,0.025092916283891757
TPI1,M06,0.04899620527204325,0.04899620527204325
STRA13,M07,0.02782820032552592,-0.02782820032552592
UCHL5,M01,0.02160690448594036,0.02160690448594036
CD40LG,M08,0.028844073249916287,-0.028844073249916287
RPS11,M02,0.018178013432418743,-0.018178013432418743
RNF7,M03,0.021262810039586962,-0.021262810039586962
PAM16,M08,0.02526299860037271,0.02526299860037271
MED7,M01,0.02257080333939456,0.02257080333939456
PPP6R3,M07,0.025085512726110235,-0.025085512726110235
SPNS1,M01,0.01559224899174634,-0.01559224899174634
NXPH2,M04,0.018234134137511855,0.018234134137511855
HIBCH,M01,0.017574224342454522,0.017574224342454522
MFSD6,M01,0.019162501606976048,0.019162501606976048
ACPP,M02,0.02083850160056962,0.02083850160056962
DCTN4,M02,0.020158054704801785,0.020158054704801785
ZNF17,M01,0.02334261409625735,0.02334261409625735
MRPL46,M02,0.0233794660514412,-0.0233794660514412
PCTP,M02,0.02188010117902238,0.02188010117902238
RAB35,M07,0.025405266786383777,0.025405266786383777
AKT1,M01,0.02112681117151446,-0.02112681117151446
FAM58A,M07,0.02458653573190119,-0.02458653573190119
ATP11B,M07,0.02189924557348803,-0.02189924557348803
ZZEF1,M04,0.019560141327616774,-0.019560141327616774
DHRS4L2,M06,0.03794042528959393,0.03794042528959393
EXOSC10,M03,0.03952836637596873,0.03952836637596873
CLPP,M05,0.030167672106723033,-0.030167672106723033
ATP8B5P,M04,0.02310774396893965,0.02310774396893965
MRPL20,M03,0.022929937757094544,-0.022929937757094544
PLCG1,M03,0.03884996744405106,0.03884996744405106
CCDC115,M06,0.024335531801280612,0.024335531801280612
AGPAT4,M08,0.03538423274529029,0.03538423274529029
PPIH,M02,0.01938370250728843,-0.01938370250728843
TIA1,M04,0.024682608409865543,-0.024682608409865543
SLC27A4,M04,0.01209194849652375,0.01209194849652375
RTN1,M06,0.03798673090639407,0.03798673090639407
HOXB2,M06,0.017032779995817333,-0.017032779995817333
EDF1,M03,0.024080952796001642,0.024080952796001642
DENND1B,M07,0.02121866581932923,-0.02121866581932923
TM9SF3,M01,0.01792456665159978,0.01792456665159978
SUCLG1,M06,0.020801925724805433,0.020801925724805433
TARDBP,M03,0.02469577442235605,0.02469577442235605
CISH,M08,0.01650203864086913,-0.01650203864086913
ACADVL,M08,0.024256771486535832,0.024256771486535832
APOBEC3H,M08,0.05026872972608968,0.05026872972608968
FAM84B,M01,0.01691448159929367,0.01691448159929367
CASP4,M02,0.0260088640683008,0.0260088640683008
NFKB2,M01,0.018223022814818527,-0.018223022814818527
IPCEF1,M03,0.019727701633509096,0.019727701633509096
TTLL12,M01,0.021167157892133134,-0.021167157892133134
C15orf52,M01,0.015164558180425284,-0.015164558180425284
FAM173A,M02,0.02298389574668335,-0.02298389574668335
CTNNBIP1,M04,0.015030034477376724,-0.015030034477376724
NRIP1,M07,0.04098331062000885,-0.04098331062000885
CABP5,M04,0.01851955060554424,0.01851955060554424
SIVA1,M05,0.030787496671890485,-0.030787496671890485
DPH5,M01,0.020886441387775897,0.020886441387775897
CREB3L2,M02,0.021934491420766106,-0.021934491420766106
RBMX,M06,0.016169758644685093,0.016169758644685093
ATG4C,M01,0.020597522859997837,0.020597522859997837
SLC22A18,M01,0.01663081310169165,-0.01663081310169165
MRPL38,M03,0.03667131694291604,0.03667131694291604
NCOA5,M02,0.02567981290826856,-0.02567981290826856
SARM1,M02,0.023657311407480956,-0.023657311407480956
KDELR1,M01,0.0164471549183302,-0.0164471549183302
SBK1,M08,0.04296420966789438,0.04296420966789438
CDC23,M01,0.016671003085644228,0.016671003085644228
TMUB2,M01,0.01910500595363331,-0.01910500595363331
IPO9,M03,0.03157928983526818,0.03157928983526818
TNF,M07,0.022781627468925373,-0.022781627468925373
LOC102725126///FRG1HP,M01,0.01582422861430034,0.01582422861430034
MYDGF,M06,0.02987433229882289,0.02987433229882289
MGAT4A,M01,0.022495721395785786,0.022495721395785786
CLUH,M01,0.01845907501903074,-0.01845907501903074
LDOC1,M08,0.01896903121756069,-0.01896903121756069
TM7SF3,M03,0.027901094849069417,0.027901094849069417
GNPAT,M01,0.02141349206137676,0.02141349206137676
TNFRSF17,M08,0.014255334055922586,-0.014255334055922586
NSUN7,M02,0.02400237110405529,0.02400237110405529
FAM98A,M03,0.0309924223684313,0.0309924223684313
AP3D1,M04,0.018155890542237044,-0.018155890542237044
PRPF4,M07,0.034835074117072436,0.034835074117072436
HPSE,M02,0.02577690850528976,0.02577690850528976
CBARP,M04,0.014441946239951105,0.014441946239951105
FUK,M03,0.02523687499474002,0.02523687499474002
TSG101,M03,0.027407487061800486,-0.027407487061800486
ATP6V1C1,M02,0.017967373213454683,0.017967373213454683
VHL,M03,0.028871170240427065,0.028871170240427065
SDHB,M03,0.029718629974401292,-0.029718629974401292
P2RY11,M02,0.019780976716317365,-0.019780976716317365
KIF13B,M08,0.021874532582930657,0.021874532582930657
TAF10,M05,0.02602438836227582,-0.02602438836227582
MUC6,M04,0.03269404206792312,0.03269404206792312
PRPSAP1,M04,0.025337277847423904,-0.025337277847423904
ZFAND2A,M08,0.02250723926549094,0.02250723926549094
HARS2,M04,0.027365232928887127,-0.027365232928887127
NCK1,M01,0.025502185933661402,0.025502185933661402
PYCR2,M07,0.03432856051835564,0.03432856051835564
PPP1R3D,M03,0.026262539319063267,-0.026262539319063267
FAH,M04,0.018463724517692924,0.018463724517692924
C12orf29,M01,0.022623979598163785,0.022623979598163785
NPAT,M03,0.015254470792661451,0.015254470792661451
MRPL58,M05,0.018693340276724462,-0.018693340276724462
MRPS35,M01,0.020225159667291208,0.020225159667291208
ITIH4,M05,0.022178435010344694,-0.022178435010344694
STRN3,M03,0.019303129801625008,-0.019303129801625008
PRICKLE1,M08,0.04183490149330144,-0.04183490149330144
CKS1B,M05,0.018995058149120968,-0.018995058149120968
RPUSD1,M01,0.017792950976053927,-0.017792950976053927
STK17B,M01,0.020344831326290006,0.020344831326290006
CD69,M01,0.024856843413845385,0.024856843413845385
GABARAPL2,M05,0.029939747829494188,0.029939747829494188
CLEC2B,M05,0.019435509004638807,-0.019435509004638807
MFSD5,M01,0.016660743963156147,-0.016660743963156147
TSPAN3,M08,0.027385685746236545,-0.027385685746236545
MTOR,M07,0.022197526431145982,0.022197526431145982
SIN3B,M05,0.016520779315067704,-0.016520779315067704
HYPK,M05,0.04027706453018726,-0.04027706453018726
RPL36,M02,0.021307318966720903,-0.021307318966720903
SLC10A3,M08,0.03150700740119676,0.03150700740119676
B4GALT7,M02,0.026035367858665323,-0.026035367858665323
GHRL,M05,0.021876505158717474,-0.021876505158717474
GALNT4,M07,0.027849920745013104,-0.027849920745013104
MVB12A,M05,0.027961507193661906,-0.027961507193661906
LGALS3,M04,0.024354436681805355,0.024354436681805355
TOX2,M08,0.02117995190751663,-0.02117995190751663
TMEM127,M05,0.021734133691154338,-0.021734133691154338
ALDH16A1,M02,0.016748500254817087,-0.016748500254817087
PEX5,M03,0.018085632414332087,0.018085632414332087
GORASP2,M04,0.02311878639669127,-0.02311878639669127
EIF4E2,M06,0.040195850977590784,0.040195850977590784
HN1,M02,0.023809488706991913,0.023809488706991913
CXCR2P1,M08,0.02040080434427032,-0.02040080434427032
RASA2,M08,0.020192577707802632,0.020192577707802632
UTP4,M02,0.029014008106548483,-0.029014008106548483
TRIT1,M03,0.02995100056450498,0.02995100056450498
TMEM268,M06,0.032801360870716265,0.032801360870716265
SLC5A6,M02,0.0198515145252869,-0.0198515145252869
EBF1,M08,0.04706685271876885,-0.04706685271876885
MOGS,M01,0.01844870149923017,-0.01844870149923017
TXN2,M04,0.016741912706874022,0.016741912706874022
TMEM216,M08,0.0209075834024016,0.0209075834024016
LONP1,M02,0.025818150652972428,-0.025818150652972428
SCLT1,M02,0.01973823275796363,0.01973823275796363
C2orf47,M01,0.02317885657672735,0.02317885657672735
PAK2,M02,0.02887884640293396,0.02887884640293396
SH3KBP1,M07,0.05093797885381398,0.05093797885381398
HNRNPK,M05,0.04008045836926713,0.04008045836926713
TOMM22,M08,0.020585701497784603,0.020585701497784603
AIMP2,M06,0.044351518129350606,0.044351518129350606
CAMKK2,M02,0.014011670300535867,0.014011670300535867
COPS7B,M02,0.02468630423362307,-0.02468630423362307
SLC35B2,M02,0.024325922793295825,-0.024325922793295825
TM2D3,M01,0.022960599349546466,0.022960599349546466
CDC20,M06,0.015298585692724166,0.015298585692724166
LTV1,M01,0.019352829963568807,0.019352829963568807
ZNF207,M04,0.027918103867414962,-0.027918103867414962
PDCD5,M06,0.01903885954584489,0.01903885954584489
YTHDF2,M05,0.018857205953006714,0.018857205953006714
ACTL6A,M01,0.02252746095626254,0.02252746095626254
SWSAP1,M07,0.03575573146717438,-0.03575573146717438
GORASP1,M08,0.029455425771399986,-0.029455425771399986
CDK12,M01,0.0160471573546026,-0.0160471573546026
LARS,M03,0.024912885508440848,0.024912885508440848
CMTM7,M07,0.019188116640036893,0.019188116640036893
SPAG9,M02,0.030098459548316893,0.030098459548316893
C8orf37,M03,0.03654005429851862,0.03654005429851862
SLX1A,M08,0.023465557312757224,0.023465557312757224
PRELID3B,M03,0.024848778828051577,-0.024848778828051577
MDC1,M03,0.02836432222358194,0.02836432222358194
HELQ,M01,0.023488941994170013,0.023488941994170013
PSME3,M04,0.02652324525799474,-0.02652324525799474
CPT2,M04,0.026119752722772144,-0.026119752722772144
LINC01278,M08,0.024611411197464798,0.024611411197464798
FAM175B,M01,0.020515797801763675,0.020515797801763675
SMARCAL1,M02,0.023067917790443093,-0.023067917790443093
TBCD,M01,0.01793116275795346,-0.01793116275795346
CNTRL,M04,0.022136198253445948,-0.022136198253445948
NDRG1,M07,0.02168614213474693,0.02168614213474693
UTP14C,M01,0.02050097947012119,0.02050097947012119
LGALS12,M04,0.013522002152266704,0.013522002152266704
HBB,M05,0.01251362837401819,0.01251362837401819
BOLA3,M02,0.023479399898556907,-0.023479399898556907
TCEB1,M01,0.020958800427387757,0.020958800427387757
COPS6,M02,0.022056581912903474,-0.022056581912903474
MALSU1,M08,0.025880680659857352,-0.025880680659857352
DDRGK1,M05,0.028113546500180078,-0.028113546500180078
DNAH1,M08,0.020550204116377105,0.020550204116377105
POLM,M01,0.01575551371952283,-0.01575551371952283
C1orf123,M02,0.0246642716707945,-0.0246642716707945
COIL,M01,0.02270422776000826,0.02270422776000826
ZC3HC1,M02,0.02880241573000767,-0.02880241573000767
PLA2G4C,M06,0.010079460752688299,0.010079460752688299
LAMA5,M08,0.03172723465571819,-0.03172723465571819
DUSP2,M08,0.04232240173733796,0.04232240173733796
BBOF1,M05,0.03589429102373422,0.03589429102373422
CXCR6,M08,0.03090151451347235,0.03090151451347235
BCL11B,M06,0.026494842780653626,-0.026494842780653626
RNF220,M02,0.02253292103031593,-0.02253292103031593
CCDC90B,M01,0.024733731864616703,0.024733731864616703
VGLL4,M08,0.021544213508527362,0.021544213508527362
UQCRB,M07,0.043272926476891634,0.043272926476891634
VOPP1,M05,0.020531137797081885,0.020531137797081885
KCTD21,M07,0.029306224553737135,0.029306224553737135
APH1B,M03,0.0218472675436216,-0.0218472675436216
NECAB2,M05,0.025854350763141833,-0.025854350763141833
PDIA6,M06,0.023888593609427376,0.023888593609427376
E2F5,M08,0.035904797783523124,-0.035904797783523124
PI4KAP1,M07,0.025081665039617437,0.025081665039617437
PUDP,M08,0.022463716202279396,-0.022463716202279396
G6PC3,M06,0.029903343448559234,0.029903343448559234
SEPT12,M04,0.014987055600878521,0.014987055600878521
PEF1,M06,0.017072190714192907,0.017072190714192907
TRAPPC6A,M04,0.02319919144117681,0.02319919144117681
EPHB1,M08,0.02399681045985923,-0.02399681045985923
FGR,M04,0.029001703372631978,-0.029001703372631978
TMEM17,M05,0.03629859038494371,-0.03629859038494371
C5orf51,M04,0.024516382979858798,-0.024516382979858798
GOLGB1,M03,0.02403705418250693,0.02403705418250693
FMC1,M05,0.05026112858076392,-0.05026112858076392
JOSD1,M08,0.029907216084309445,0.029907216084309445
STK40,M04,0.01985379413060651,-0.01985379413060651
YPEL2,M03,0.028511131240066528,-0.028511131240066528
SPAST,M01,0.022658894902799473,0.022658894902799473
UQCC2,M05,0.03527692415679112,-0.03527692415679112
GFM1,M01,0.02026505614331111,0.02026505614331111
SLC46A3,M07,0.018170769703674733,-0.018170769703674733
TIMM13,M04,0.016447092990332386,0.016447092990332386
DPH3,M03,0.021065960490573733,-0.021065960490573733
AMDHD2,M05,0.02530392930479786,-0.02530392930479786
GSE1,M08,0.02844152938855388,0.02844152938855388
PARVB,M04,0.01554227908810966,0.01554227908810966
NFAT5,M04,0.013005655536034859,-0.013005655536034859
SPATA13,M03,0.02878786199833951,0.02878786199833951
ACIN1,M04,0.024751629392743443,-0.024751629392743443
SEC23B,M06,0.035654607867973,0.035654607867973
CCDC86,M02,0.02160085280892442,-0.02160085280892442
GAL3ST4,M04,0.006938092192727529,0.006938092192727529
CACNA2D3,M06,0.02438582801036778,0.02438582801036778
POLR2H,M08,0.018680693771482938,0.018680693771482938
PPRC1,M03,0.021130610494470688,0.021130610494470688
TRADD,M07,0.015298487446850662,0.015298487446850662
TMEM214,M01,0.016937599505133103,-0.016937599505133103
LDOC1L,M08,0.03328663614950868,0.03328663614950868
ACSL4,M02,0.023778490011061186,0.023778490011061186
CCDC149,M01,0.01663459555773256,-0.01663459555773256
RCN3,M05,0.02690248071951835,-0.02690248071951835
SELO,M05,0.023191744920421625,-0.023191744920421625
ARV1,M01,0.02325505163588557,0.02325505163588557
ADPRH,M04,0.01143154409510323,0.01143154409510323
KDM3A,M03,0.025053650661880533,0.025053650661880533
IFRD2,M05,0.028794233581039726,0.028794233581039726
CDH9,M04,0.025325294551351633,0.025325294551351633
FLNA,M04,0.015150123533012823,0.015150123533012823
IMPA1,M01,0.02130333477874764,0.02130333477874764
NUDT2,M05,0.022230802872837352,-0.022230802872837352
UBA1,M01,0.022746842897829158,-0.022746842897829158
SEMA4B,M08,0.02251993556890743,-0.02251993556890743
RPF1,M01,0.02150681250510316,0.02150681250510316
SEPN1,M08,0.030035697645219718,-0.030035697645219718
MRPL52,M03,0.01200016701201285,0.01200016701201285
YTHDF3,M02,0.020155607542748845,0.020155607542748845
MRPS23,M01,0.02016086860753536,0.02016086860753536
MIB2,M05,0.024666543174107516,-0.024666543174107516
RPL13,M03,0.02353560364095625,0.02353560364095625
RAMP2,M04,0.021226547966205093,0.021226547966205093
BCL11A,M08,0.04976893958468639,-0.04976893958468639
BAP1,M01,0.020642266634376735,-0.020642266634376735
NTPCR,M01,0.007701643726365019,0.007701643726365019
LUZP1,M04,0.0184311485824595,-0.0184311485824595
RAB11FIP3,M04,0.020756286757553692,-0.020756286757553692
PPP1R21,M01,0.01568761222909296,0.01568761222909296
NMRAL1,M08,0.020775543191227302,0.020775543191227302
PAFAH1B1,M05,0.024931274449796183,0.024931274449796183
NUMA1,M01,0.018500013691260003,-0.018500013691260003
FAM133B,M01,0.022306420168031804,0.022306420168031804
FAM63A,M05,0.028817386108861275,-0.028817386108861275
BBS2,M04,0.017560279573930065,-0.017560279573930065
EDEM1,M03,0.014097726246059922,0.014097726246059922
POMP,M06,0.022806997693503334,0.022806997693503334
PI4K2B,M01,0.02218982128173152,0.02218982128173152
CDV3,M07,0.02650468468142369,0.02650468468142369
MR1,M06,0.03266328429150942,0.03266328429150942
SLC35B1,M02,0.020233652876512666,-0.020233652876512666
RALGDS,M08,0.04233298205707264,0.04233298205707264
SIRPG,M08,0.03522912905467073,-0.03522912905467073
POC1B,M04,0.01565780353856224,0.01565780353856224
ZFYVE19,M02,0.016678228877669288,-0.016678228877669288
SF1,M03,0.024771420385680854,0.024771420385680854
VAMP1,M06,0.03206806555181386,-0.03206806555181386
GFI1B,M04,0.01783984378631428,0.01783984378631428
PSMD1,M07,0.022941318357052036,0.022941318357052036
CARMIL2,M03,0.024708259009401854,0.024708259009401854
MCM3AP,M03,0.026282926340850596,0.026282926340850596
MKNK1,M03,0.022836490213291444,-0.022836490213291444
ZFYVE26,M04,0.030419627636602647,-0.030419627636602647
NLRP3,M06,0.030711494992271493,0.030711494992271493
ACOT13,M05,0.022894124353667195,-0.022894124353667195
TBC1D17,M01,0.018499988638324086,-0.018499988638324086
MBNL2,M01,0.021443678414192015,0.021443678414192015
ZADH2,M03,0.025895608193414642,0.025895608193414642
DPP7,M02,0.026330744783190738,-0.026330744783190738
SETD2,M04,0.030988502819748548,-0.030988502819748548
METTL16,M02,0.019564294194934946,-0.019564294194934946
UPF3B,M01,0.02379054819110162,0.02379054819110162
MDM4,M07,0.01928802340158885,0.01928802340158885
IER2,M04,0.01571619037592713,0.01571619037592713
LMNB2,M02,0.02298647992594846,-0.02298647992594846
PNOC,M08,0.03982092196826516,-0.03982092196826516
ZC3HAV1,M05,0.016047034270241883,0.016047034270241883
DEFB131,M08,0.06294099060376637,0.06294099060376637
TK1,M06,0.015060410140132442,0.015060410140132442
PRSS23,M08,0.04942669197354888,0.04942669197354888
PLXNA3,M02,0.01718730910475267,-0.01718730910475267
NLRX1,M01,0.021746940236428775,-0.021746940236428775
NEIL2,M04,0.01713778681358893,0.01713778681358893
TMEM69,M04,0.024043838723817483,-0.024043838723817483
BAK1,M03,0.017206448973495256,0.017206448973495256
DMAP1,M02,0.02266808661398455,-0.02266808661398455
METTL7A,M03,0.027465956863648628,0.027465956863648628
RAB4B,M01,0.02204335903973239,-0.02204335903973239
CTNNBL1,M06,0.036800502616620406,0.036800502616620406
SUPT6H,M01,0.022069592088947248,-0.022069592088947248
MTA2,M07,0.02175469212017656,0.02175469212017656
RUVBL2,M06,0.01731778492540551,0.01731778492540551
PCSK5,M03,0.011492579902153606,0.011492579902153606
IVD,M02,0.016389097836732903,-0.016389097836732903
CMKLR1,M08,0.052282354109893105,0.052282354109893105
PRR15L,M04,0.024337528246897427,0.024337528246897427
KIAA0196,M04,0.02494154639579087,-0.02494154639579087
TGFA,M02,0.031046399826746292,0.031046399826746292
CHPF2,M04,0.02010677486553871,-0.02010677486553871
SLX1B,M06,0.020455450926325516,0.020455450926325516
DHPS,M01,0.02088054864214779,-0.02088054864214779
TP53I11,M01,0.0193268687251251,-0.0193268687251251
WWP1,M01,0.02401338990794484,0.02401338990794484
MAP2K4,M02,0.026184272850043877,0.026184272850043877
EPHX2,M03,0.018413581127468333,0.018413581127468333
FKTN,M03,0.03657201802064623,0.03657201802064623
HRK,M05,0.010494407634009571,-0.010494407634009571
CD22,M08,0.035338744746486475,-0.035338744746486475
TRMT1,M07,0.030154816886556305,-0.030154816886556305
MED19,M02,0.025733950221232198,-0.025733950221232198
NUPL2,M01,0.02239738671383232,0.02239738671383232
ZDHHC19,M08,0.01456751358509949,-0.01456751358509949
EIF4G3,M01,0.014214166822734365,-0.014214166822734365
ZNF358,M01,0.017230731100119755,-0.017230731100119755
NEK8,M05,0.035148357636231295,-0.035148357636231295
TERF2,M03,0.018946720522610358,0.018946720522610358
DPM3,M05,0.02920172328359597,-0.02920172328359597
COASY,M03,0.02043781855684609,0.02043781855684609
MARK2,M01,0.02153825074707839,-0.02153825074707839
WDSUB1,M08,0.018270726108053224,0.018270726108053224
TBC1D16,M04,0.022864798626784318,0.022864798626784318
IL2RG,M03,0.021371973346025933,0.021371973346025933
CDK6,M05,0.016925575282650457,0.016925575282650457
SCGB1C2,M07,0.014578323077547474,0.014578323077547474
BTLA,M08,0.02894961163799421,-0.02894961163799421
DLG4,M06,0.016307606411320837,0.016307606411320837
RDH5,M07,0.024113284712403756,-0.024113284712403756
STT3B,M01,0.020557685231244245,0.020557685231244245
DPRXP4,M07,0.023631441331724203,-0.023631441331724203
NOL8,M01,0.02441160175615557,0.02441160175615557
THOC3,M07,0.01567577297613245,0.01567577297613245
ITFG1,M06,0.020906159308788023,0.020906159308788023
EPOR,M02,0.02240640051260906,0.02240640051260906
ZC3H18,M01,0.017786775189488485,-0.017786775189488485
MOSPD2,M06,0.021059036535077076,-0.021059036535077076
RNF144A,M06,0.018340767765916977,-0.018340767765916977
ZCCHC8,M04,0.0338717361840301,-0.0338717361840301
LOC102467079,M04,0.024991516262591024,0.024991516262591024
BANF1,M06,0.029249737470093986,0.029249737470093986
ALDH5A1,M05,0.04036964229004551,0.04036964229004551
RASGRP4,M02,0.02279682964686218,0.02279682964686218
TMEM39B,M08,0.023218946313576648,-0.023218946313576648
IDUA,M02,0.017265989442297645,-0.017265989442297645
CHD7,M06,0.0250501822651747,-0.0250501822651747
ZBTB17,M05,0.025358238976423204,-0.025358238976423204
ARFGAP2,M01,0.01852956210514829,-0.01852956210514829
DDX46,M04,0.022274933790021118,-0.022274933790021118
FAM49A,M02,0.027230682752977447,0.027230682752977447
NUFIP2,M05,0.02135428290686491,-0.02135428290686491
PI4KB,M04,0.01998005574034327,-0.01998005574034327
PI4KAP2,M01,0.013408488239223582,-0.013408488239223582
PDXP,M02,0.0268900461044353,-0.0268900461044353
ZNF785,M05,0.018666691902479826,-0.018666691902479826
MGAM,M02,0.02782546460722097,0.02782546460722097
WDR59,M06,0.02388891238442804,-0.02388891238442804
IARS,M05,0.02496739958637351,0.02496739958637351
ZNF341,M01,0.017900202969967496,-0.017900202969967496
PPOX,M07,0.027257126742435918,-0.027257126742435918
PDZD8,M03,0.026058467677290458,-0.026058467677290458
IK,M07,0.048884482564799124,0.048884482564799124
CPEB4,M04,0.012875500903064491,-0.012875500903064491
ACAA2,M08,0.022461399174009564,0.022461399174009564
CALCOCO2,M02,0.019078046856299824,0.019078046856299824
CCT6A,M03,0.025555741828388753,0.025555741828388753
IL16,M06,0.02877678837936628,-0.02877678837936628
TAZ,M01,0.020548735403927928,-0.020548735403927928
GRAMD4,M04,0.02725252596652586,-0.02725252596652586
APLP2,M01,0.020346655274755807,-0.020346655274755807
GMDS,M08,0.02175939635976144,-0.02175939635976144
C14orf28,M06,0.022192502017219184,-0.022192502017219184
APOPT1,M05,0.04264825556869133,-0.04264825556869133
CCNY,M02,0.01915249993443472,0.01915249993443472
CDC5L,M03,0.02211055215009855,0.02211055215009855
RTN2,M04,0.02721998062005373,0.02721998062005373
QSOX2,M04,0.027219044840509066,-0.027219044840509066
SEPT1,M02,0.021470307637075657,-0.021470307637075657
LINC01391,M08,0.01571623028446345,-0.01571623028446345
RAN,M01,0.020303064937267332,0.020303064937267332
EXOSC3,M06,0.020951470323875298,0.020951470323875298
TCL1B,M03,0.0220099092229209,0.0220099092229209
DDAH2,M04,0.026229348623289888,0.026229348623289888
YME1L1,M03,0.025761194973771807,-0.025761194973771807
AMT,M08,0.014637354346414508,0.014637354346414508
AGO4,M02,0.02269220021806324,0.02269220021806324
RMDN3,M05,0.036079443023716934,0.036079443023716934
C18orf8,M05,0.03923242534244115,0.03923242534244115
ABHD14B,M02,0.02549666658350752,-0.02549666658350752
RSRC2,M03,0.024304902483241967,0.024304902483241967
ATXN1,M02,0.027025285452329233,0.027025285452329233
RAB11FIP2,M01,0.021446651734447965,0.021446651734447965
RNF141,M03,0.018861521258391703,-0.018861521258391703
LIPT1,M01,0.0201707044390818,0.0201707044390818
DCTPP1,M02,0.02885916224304502,-0.02885916224304502
NAXD,M02,0.024493442265572166,-0.024493442265572166
SERPINE2,M08,0.01799376992500623,-0.01799376992500623
RNMT,M02,0.02915671683623547,-0.02915671683623547
GALNT11,M08,0.02880110679657111,0.02880110679657111
SNTB1,M06,0.042079134864855185,0.042079134864855185
FAM222B,M06,0.025832114737027578,-0.025832114737027578
THEMIS2,M02,0.021997402690189176,0.021997402690189176
TNFRSF10A,M08,0.04533090365150676,-0.04533090365150676
NRK,M04,0.021651478211550515,0.021651478211550515
ASPHD2,M06,0.03391770670633257,0.03391770670633257
ADD1,M05,0.03690419458629959,0.03690419458629959
PITRM1,M02,0.01533017730131123,-0.01533017730131123
MAPK1,M08,0.031299261671033175,0.031299261671033175
ZDHHC12,M05,0.035248045101115164,-0.035248045101115164
RNF138,M01,0.020155979426162384,0.020155979426162384
NUP85,M02,0.02264450190718333,-0.02264450190718333
APIP,M01,0.0234764221274807,0.0234764221274807
FAM53B,M08,0.03183630907605708,0.03183630907605708
AKTIP,M06,0.026853382099657194,-0.026853382099657194
FCHSD2,M03,0.01648543363429539,-0.01648543363429539
CD244,M08,0.044457099487041726,0.044457099487041726
SLC22A18AS,M01,0.015784288124437357,-0.015784288124437357
ALDH3B1,M06,0.030672049773374177,0.030672049773374177
RAB34,M06,0.030454857867718427,0.030454857867718427
CTDSP1,M07,0.023326608289370138,0.023326608289370138
KIFAP3,M02,0.018446972432649967,-0.018446972432649967
GPR137B,M06,0.01640138306235036,0.01640138306235036
PPM1B,M01,0.025435463565353086,0.025435463565353086
SEPW1,M07,0.020164557879011568,-0.020164557879011568
MRPL12,M02,0.025056504156132284,-0.025056504156132284
CETN3,M07,0.03312552006176902,0.03312552006176902
SLC2A8,M08,0.026068849464835012,0.026068849464835012
SLC44A4,M03,0.035177020174847536,0.035177020174847536
TCAF1,M03,0.03358340191292488,0.03358340191292488
HADHB,M06,0.03023234905279868,0.03023234905279868
MTAP,M02,0.020915335315860727,-0.020915335315860727
NUDT16,M03,0.022028319980697958,-0.022028319980697958
SCNM1,M05,0.028020997963519822,-0.028020997963519822
WDR83OS,M03,0.016196302337089397,0.016196302337089397
RRP36,M03,0.03131712903122074,0.03131712903122074
RXRB,M08,0.01648318322037726,0.01648318322037726
SUMF2,M02,0.026029886127918535,-0.026029886127918535
SKI,M04,0.018770127044634426,0.018770127044634426
CBX4,M04,0.02108371288009288,-0.02108371288009288
PRDM9,M04,0.023604107567429033,0.023604107567429033
DYRK4,M05,0.016336800202546985,-0.016336800202546985
ZBTB43,M03,0.024252493566551108,0.024252493566551108
HAPLN3,M08,0.029537144879386246,-0.029537144879386246
UAP1L1,M08,0.034206950468495825,-0.034206950468495825
FANCG,M08,0.031059305013118283,0.031059305013118283
PRMT2,M08,0.03672991538034688,0.03672991538034688
ISCA1,M05,0.02890640196709157,0.02890640196709157
NOTCH2,M04,0.02207511545484287,-0.02207511545484287
LILRB1,M03,0.03541637359731534,0.03541637359731534
TGDS,M01,0.020931012532828423,0.020931012532828423
STX6,M03,0.019102658727874807,-0.019102658727874807
DUSP28,M02,0.021209469613327783,-0.021209469613327783
FIBP,M02,0.02263788285443344,-0.02263788285443344
COMTD1,M08,0.022079587539758746,0.022079587539758746
C2orf42,M03,0.033081799054292566,0.033081799054292566
PLCL2,M05,0.017350578573821246,0.017350578573821246
TAF2,M04,0.023782341572521938,-0.023782341572521938
CD38,M06,0.027457336124987027,0.027457336124987027
DCAF6,M05,0.0392747278892766,0.0392747278892766
AFG3L2,M02,0.024611769965619392,-0.024611769965619392
DSE,M03,0.018885820651351116,-0.018885820651351116
CSNK1G3,M07,0.0222543050719069,-0.0222543050719069
ENG,M06,0.023278336902975927,0.023278336902975927
SLC25A20,M08,0.030349967625448653,0.030349967625448653
CERS2,M07,0.01710758806815617,0.01710758806815617
COPB2,M04,0.024512968018898504,-0.024512968018898504
ZNF830,M01,0.018158931376930858,0.018158931376930858
G3BP2,M05,0.024164280853527172,0.024164280853527172
C1orf132,M02,0.022961455382128907,0.022961455382128907
SLC7A1,M05,0.030006216439388195,0.030006216439388195
LCP2,M02,0.02086457928919331,0.02086457928919331
RPRD1A,M07,0.028041549193298525,-0.028041549193298525
RUNDC1,M04,0.03193344969449497,-0.03193344969449497
H2AFY2,M02,0.025481155371990513,-0.025481155371990513
RPL3L,M08,0.004995018424259113,-0.004995018424259113
TIAF1,M03,0.027603321255524182,0.027603321255524182
STUB1,M08,0.026657055554270167,0.026657055554270167
TIMM23,M06,0.028653813278976994,0.028653813278976994
BCAS4,M06,0.029713224400388337,-0.029713224400388337
PNPT1,M03,0.037257434180622655,0.037257434180622655
MAOA,M07,0.015044182898422926,-0.015044182898422926
HNRNPKP3,M04,0.029862802415952235,0.029862802415952235
CHRNA2,M04,0.02342565270224428,0.02342565270224428
RPL7L1,M03,0.032541653224878626,0.032541653224878626
MRPS2,M02,0.024277959677406983,-0.024277959677406983
RPS19BP1,M05,0.0367667990757788,-0.0367667990757788
HNRNPC,M01,0.02276366384939525,0.02276366384939525
DNAJB1,M07,0.028365821576834236,0.028365821576834236
PIGS,M01,0.018035451341787315,-0.018035451341787315
OPA1,M01,0.020370813816180364,0.020370813816180364
IDH1,M06,0.04406056588697132,0.04406056588697132
IGHMBP2,M04,0.018466420777437542,0.018466420777437542
D2HGDH,M02,0.019428881942246786,-0.019428881942246786
FBXL7,M04,0.011553048017978443,0.011553048017978443
YEATS4,M01,0.021046541691619226,0.021046541691619226
C19orf24,M05,0.022117032096777192,-0.022117032096777192
ALKBH3,M02,0.020107397634273095,-0.020107397634273095
HNRNPAB,M06,0.03663844603763754,0.03663844603763754
PLBD2,M01,0.015890171610623584,-0.015890171610623584
FAM193A,M01,0.017941132565501075,-0.017941132565501075
NUCKS1,M02,0.022832827578486564,-0.022832827578486564
ZFYVE21,M03,0.024793585276318718,-0.024793585276318718
USP39,M03,0.018363697084835682,-0.018363697084835682
SUV39H2,M04,0.024850034455510428,0.024850034455510428
LOC101927248,M04,0.01797300367323792,0.01797300367323792
CUEDC2,M06,0.027421471847936654,0.027421471847936654
RASSF2,M02,0.02780469673127884,0.02780469673127884
B3GAT3,M05,0.01908889482123896,-0.01908889482123896
ZNF669,M03,0.03450517057480924,0.03450517057480924
MAP3K7,M01,0.02150478832703284,0.02150478832703284
DBN1,M01,0.016089692183607316,-0.016089692183607316
JUN,M04,0.022900240259160216,-0.022900240259160216
MFSD3,M02,0.018481637214286036,-0.018481637214286036
TRIB3,M08,0.01880377145283911,0.01880377145283911
SOS1,M04,0.011862900652034183,-0.011862900652034183
BOK,M04,0.016001919851413412,0.016001919851413412
IFRD1,M02,0.027274977664286864,0.027274977664286864
ZNF20,M07,0.02290631720700294,0.02290631720700294
ZNF770,M01,0.02114342466365102,0.02114342466365102
PRKCSH,M01,0.020375806119064806,-0.020375806119064806
SIRT7,M08,0.023831312686990447,0.023831312686990447
ARRB2,M02,0.022803968918727865,0.022803968918727865
NUP54,M01,0.02235957847182806,0.02235957847182806
RAB3IP,M06,0.025197612607160014,-0.025197612607160014
ZMYND15,M04,0.014487832930088968,-0.014487832930088968
THUMPD1,M01,0.022410746395045814,0.022410746395045814
SLC25A19,M07,0.014066281469972143,-0.014066281469972143
NPM3,M05,0.02219507933882283,-0.02219507933882283
C1orf50,M02,0.025996760027270346,-0.025996760027270346
DFFB,M04,0.026921318177925344,-0.026921318177925344
EPS15L1,M05,0.017644822698369065,-0.017644822698369065
FBXL16,M08,0.028964796026174824,-0.028964796026174824
SPTSSA,M01,0.018664782072341297,0.018664782072341297
IDH3G,M01,0.022631124418403696,-0.022631124418403696
PCCB,M06,0.02911883252523057,0.02911883252523057
DDX27,M03,0.03390097267246883,0.03390097267246883
TRMO,M07,0.029054916814264663,0.029054916814264663
PREP,M06,0.030748740616193863,0.030748740616193863
BFAR,M05,0.017289289357422428,-0.017289289357422428
NUP107,M01,0.019211812516049,0.019211812516049
RILPL1,M02,0.022927260388713736,0.022927260388713736
OSBP,M04,0.022944707749505782,-0.022944707749505782
TSC22D2,M01,0.01664689210592717,0.01664689210592717
POP7,M04,0.01910933018752592,0.01910933018752592
FAM170B,M02,0.016959583396772168,0.016959583396772168
DNAJC28,M03,0.03645997973556775,0.03645997973556775
RPAP2,M06,0.0271867819484216,-0.0271867819484216
ZMYM1,M01,0.021636649124318362,0.021636649124318362
MARS,M03,0.02074106276115459,0.02074106276115459
C3orf38,M01,0.021681458674426654,0.021681458674426654
PLEKHB2,M01,0.0210521274575084,-0.0210521274575084
MCCC1,M04,0.02093255274279913,-0.02093255274279913
ZFAND2B,M06,0.02074098531245807,-0.02074098531245807
PTCD1,M02,0.02090744268277337,-0.02090744268277337
TMEM50B,M02,0.022660263215063675,-0.022660263215063675
SLC52A2,M04,0.018656716891452454,-0.018656716891452454
ATP1B3,M06,0.038619359255424715,0.038619359255424715
TOR1A,M06,0.021051113426631768,0.021051113426631768
STAM,M04,0.02994793398023986,-0.02994793398023986
NEMF,M07,0.025273196497463762,0.025273196497463762
GRWD1,M02,0.020637472753168847,-0.020637472753168847
LRPPRC,M02,0.02224338986735572,-0.02224338986735572
TSHZ1,M07,0.022253719669384008,0.022253719669384008
APEX2,M06,0.02016801529541609,0.02016801529541609
CWC25,M05,0.021045082823157438,-0.021045082823157438
EVI2B,M03,0.03304920372014269,-0.03304920372014269
ACAD11,M04,0.026091448756851286,-0.026091448756851286
ZNF329,M06,0.026950820188669778,-0.026950820188669778
DRG2,M02,0.017372622650450434,-0.017372622650450434
WDFY2,M03,0.01970511690937187,-0.01970511690937187
MYH4,M04,0.016581671504097912,0.016581671504097912
SENP7,M07,0.021529117475382036,-0.021529117475382036
MRPS28,M01,0.02215145682387946,0.02215145682387946
TRIM62,M01,0.0078920591722161,-0.0078920591722161
PLGLA,M05,0.01340453495423282,0.01340453495423282
SUV39H1,M07,0.029420144800096183,0.029420144800096183
MTHFS,M03,0.025243873301941687,-0.025243873301941687
ZNF682,M03,0.033908561475788586,0.033908561475788586
PIK3C2B,M03,0.02687921030564763,0.02687921030564763
GTF3C6,M06,0.018400802379780663,0.018400802379780663
SLC11A2,M01,0.01789172800066669,0.01789172800066669
TRAP1,M02,0.017128942174364753,-0.017128942174364753
EIF2B2,M06,0.021758126563380192,0.021758126563380192
CSGALNACT2,M08,0.015554393852528294,0.015554393852528294
KIFC2,M01,0.01171774372424095,-0.01171774372424095
LINC01252,M06,0.020554760118957217,-0.020554760118957217
SNAP29,M06,0.023406809067830582,0.023406809067830582
RPL13P5,M03,0.03651037680207657,0.03651037680207657
AZI2,M07,0.02310498610175914,-0.02310498610175914
PRKCD,M04,0.026533843158421243,-0.026533843158421243
C19orf25,M06,0.02221460208578047,-0.02221460208578047
WASH3P,M07,0.028777383589622018,-0.028777383589622018
CAPN3,M07,0.021054825942850436,-0.021054825942850436
IFIT5,M07,0.030891207021671408,-0.030891207021671408
FAF2,M04,0.03178604326179911,-0.03178604326179911
DMWD,M08,0.02890468665421637,0.02890468665421637
PHC2,M02,0.023876578354669505,0.023876578354669505
CRY2,M03,0.028982222334631724,0.028982222334631724
TMEM101,M07,0.02457707509794197,-0.02457707509794197
NEO1,M04,0.01951677615425071,0.01951677615425071
RNASEH2B,M03,0.027267250383273923,0.027267250383273923
NCK2,M03,0.027573079945331373,0.027573079945331373
POC5,M01,0.019916967665646535,0.019916967665646535
DHRS4,M06,0.03691416882587122,0.03691416882587122
SESTD1,M08,0.023622251977856074,-0.023622251977856074
CYP2R1,M08,0.02316300869425791,0.02316300869425791
AKR7A3,M03,0.038173654995999395,0.038173654995999395
PGAM4,M06,0.02285690938750556,0.02285690938750556
MYPOP,M04,0.026393203615563243,-0.026393203615563243
PHKG2,M05,0.02927580494739975,-0.02927580494739975
TMEM116,M02,0.022304271356400073,-0.022304271356400073
CBX1,M02,0.024284670199456293,0.024284670199456293
HILPDA,M04,0.011149117453329695,0.011149117453329695
NAIF1,M03,0.02553109026359486,-0.02553109026359486
C21orf59,M02,0.02235742392382195,-0.02235742392382195
MADD,M01,0.020487365867912496,-0.020487365867912496
EDRF1,M03,0.023684092392324472,0.023684092392324472
DNAJC24,M01,0.019566896618748837,0.019566896618748837
ASTE1,M03,0.029299301499291316,0.029299301499291316
RBSN,M04,0.03019794266485234,-0.03019794266485234
WSB2,M03,0.025494573442144182,0.025494573442144182
CCNDBP1,M02,0.020146718591621555,0.020146718591621555
FBXL15,M07,0.02975610670644597,-0.02975610670644597
GOLGA5,M07,0.018982920327218048,0.018982920327218048
ANAPC10,M01,0.022351454202814366,0.022351454202814366
LIMK2,M02,0.026093983796415633,0.026093983796415633
SYMPK,M03,0.027807820102826356,0.027807820102826356
CXCL3,M08,0.01300761711049468,-0.01300761711049468
DDA1,M04,0.021756715075412245,-0.021756715075412245
LSM10,M04,0.023204495260236786,0.023204495260236786
MIGA2,M07,0.02566168809818551,-0.02566168809818551
NKRF,M01,0.020630311362338356,0.020630311362338356
ST13P4,M03,0.027549787634216213,0.027549787634216213
DSCR3,M04,0.03143836111455855,-0.03143836111455855
CD99L2,M05,0.017393877650705596,-0.017393877650705596
CCDC174,M06,0.02553586901494917,-0.02553586901494917
NAT6,M02,0.018828307829767722,-0.018828307829767722
HDGFRP2,M04,0.026512749900820455,0.026512749900820455
FCRL3,M04,0.014636664472966469,-0.014636664472966469
SLC26A8,M07,0.02255310098111704,-0.02255310098111704
NCOR1,M07,0.029469321186694864,0.029469321186694864
TNFSF8,M08,0.018343411845375114,-0.018343411845375114
FAM174A,M03,0.025568331885537768,-0.025568331885537768
LEP,M03,0.0312999180171645,0.0312999180171645
OR7G2,M04,0.009275648114702793,0.009275648114702793
AGA,M01,0.02008075357311453,0.02008075357311453
GRAP2,M03,0.0304138178164154,0.0304138178164154
GNL1,M02,0.020259008035383923,-0.020259008035383923
ADORA3,M06,0.023492862485105796,0.023492862485105796
PMPCA,M02,0.021972922027532545,-0.021972922027532545
TSPAN14,M03,0.00988908073471513,0.00988908073471513
SREBF2,M04,0.016549518477263523,0.016549518477263523
TMED1,M07,0.02063884317879373,-0.02063884317879373
PLCD1,M05,0.0168777946478757,-0.0168777946478757
SAC3D1,M02,0.02073719454622255,-0.02073719454622255
RALGAPA1,M01,0.022372708319766288,0.022372708319766288
PRSS57,M08,0.025421175991666715,0.025421175991666715
GPR132,M07,0.02383865881750851,-0.02383865881750851
RPS6KA5,M06,0.027082095204355457,-0.027082095204355457
CYB5R1,M04,0.0159860903578192,0.0159860903578192
PIGM,M03,0.02727085500634712,0.02727085500634712
CRK,M03,0.026311338377235656,-0.026311338377235656
CHST2,M04,0.015057109475491156,0.015057109475491156
GADD45A,M05,0.025816184430694767,0.025816184430694767
CYB5R3,M01,0.019768403688809458,-0.019768403688809458
HSPD1,M01,0.022762307110598585,0.022762307110598585
BIN3-IT1,M05,0.027055050313025776,-0.027055050313025776
PLA2G2D,M05,0.03592290569687859,-0.03592290569687859
ZNF439,M01,0.021409083936983757,0.021409083936983757
NEDD8,M03,0.025099838328627916,-0.025099838328627916
MARK4,M04,0.00928050411333594,0.00928050411333594
SEC23IP,M01,0.020440024576825054,0.020440024576825054
GTF3C2,M04,0.02914210634907332,-0.02914210634907332
MS4A2,M07,0.012576119780319375,0.012576119780319375
MAK,M02,0.017611638103725902,0.017611638103725902
SARS2,M03,0.015704570591275228,0.015704570591275228
COX10,M02,0.02811132630216157,-0.02811132630216157
GTF2H4,M02,0.02225490007834701,-0.02225490007834701
USP4,M07,0.030722303285330852,0.030722303285330852
ARPC4,M07,0.028641806782098603,0.028641806782098603
ALCAM,M01,0.019695758291598385,0.019695758291598385
TMEM115,M01,0.02156147026861934,-0.02156147026861934
C6orf62,M07,0.02605519615439239,-0.02605519615439239
TSHZ2,M08,0.037200676618876195,-0.037200676618876195
PTGES2,M02,0.0226119507891136,-0.0226119507891136
CORO1B,M05,0.03313573055604736,-0.03313573055604736
PPP1R7,M07,0.041708529949628204,0.041708529949628204
SETX,M04,0.013372036945606363,-0.013372036945606363
TPM3P9,M03,0.022132997862837053,0.022132997862837053
GNGT2,M08,0.035662809183784006,0.035662809183784006
PDCD10,M01,0.023557584840665512,0.023557584840665512
SPNS3,M05,0.008837117460819019,-0.008837117460819019
SLC35C1,M01,0.01611629795556588,-0.01611629795556588
PTPRE,M04,0.032594539130608814,-0.032594539130608814
HDDC3,M02,0.0238375937645741,-0.0238375937645741
PSORS1C1,M01,0.01850533688205145,-0.01850533688205145
THNSL2,M05,0.011499867822961288,-0.011499867822961288
ZNF526,M03,0.017832015983633077,0.017832015983633077
TRIM68,M02,0.025398257552422556,-0.025398257552422556
SLC25A29,M08,0.022731421655719584,0.022731421655719584
CREB3,M04,0.013167838976476888,0.013167838976476888
GMPPA,M01,0.02194805561616337,-0.02194805561616337
AGPS,M06,0.025514070308317156,0.025514070308317156
CNEP1R1,M02,0.027278501193720023,0.027278501193720023
SOX12,M04,0.02658957040947596,0.02658957040947596
TTC5,M02,0.019104612886336053,-0.019104612886336053
DDIT3,M05,0.028334058834883442,-0.028334058834883442
SEC62,M07,0.025472423285183468,-0.025472423285183468
ZNF7,M04,0.01739087721508632,-0.01739087721508632
BCL9L,M03,0.027721000309013248,0.027721000309013248
VPS45,M02,0.02398861781035251,-0.02398861781035251
GNE,M03,0.03277084962532113,0.03277084962532113
NSUN3,M04,0.02149997604822203,0.02149997604822203
YARS2,M07,0.019754241149002736,0.019754241149002736
ACAD9,M08,0.03960054126705942,0.03960054126705942
MAT2B,M01,0.02102803699052182,0.02102803699052182
NCOA1,M02,0.03024250642427912,0.03024250642427912
SMARCC2,M01,0.02205986941140745,-0.02205986941140745
MIF4GD,M06,0.022785099159556132,0.022785099159556132
CCDC71,M07,0.027957792091912737,0.027957792091912737
TFCP2,M07,0.026052098607220443,0.026052098607220443
POLR2J,M04,0.013607578243098238,0.013607578243098238
SNX29P2,M08,0.027437614202390524,-0.027437614202390524
EEF1D,M05,0.044104829472204794,-0.044104829472204794
PLXND1,M04,0.015135836542905082,0.015135836542905082
SLC25A36,M01,0.019169394503855786,0.019169394503855786
SCO1,M01,0.020563615020861292,0.020563615020861292
DENND5B,M08,0.0348836857490444,-0.0348836857490444
HIST2H3D,M05,0.009775242946890264,-0.009775242946890264
HNRNPA1P10,M03,0.032092669330111775,0.032092669330111775
ZNF564,M05,0.027266253042127618,-0.027266253042127618
FARS2,M02,0.024107121773875074,-0.024107121773875074
TRPC5,M04,0.013379764783429497,0.013379764783429497
GUCY1A3,M07,0.01298335300066921,-0.01298335300066921
TMCO5A,M04,0.007743036756944425,0.007743036756944425
